username,date,text
tribunkaltim,2023-01-15 22:41:25,"Kuat Ma'ruf dan Ricky Rizal mengaku siap, sidang tuntutan kasus pembunuhan Brigadir J akan digelar hari ini
https://t.co/I3L5JhlBmr
#sambo #ferdysambo #bharadae #brigadirj #beritaterkini #beritaterbaru"
magalitorre02,2023-01-15 20:15:37,"SANGAT TERAMAT TDK MUNGKIN jika kematian #brigadirJ di sebabkan krn dia katanya memperkosa PC. Yg terjadi kemungkinan adlh Alm. Josua mengetahui rahasia besar #ferdysambo #PutriCandrawathi But, what was the secret about? Dinero, kah? #konsorsium303 #followthemoney https://t.co/tDJG0kd5jI"
magalitorre02,2023-01-15 19:51:30,"Ketika #ferdysambo masih bahagia ‚ùó #brigadirJ
https://t.co/cIqyrKATJY via @YouTube"
giberakata,2023-01-15 19:12:32,"Ibu-ibu Fans Bharada E Rebutan Masuk Ruang Sidang, Saling Dorong Sampai Sepatu Lepas https://t.co/8UOktllmEX #RichardEliezer #BharadaE #Viral #Tiktok"
wahananewsdotco,2023-01-15 19:12:07,"Ibu-ibu Fans Bharada E Rebutan Masuk Ruang Sidang, Saling Dorong Sampai Sepatu Lepas https://t.co/8UOktllmEX #RichardEliezer #BharadaE #Viral #Tiktok"
magalitorre02,2023-01-15 17:38:36,"#brigadirJ #ferdysambo #putricandrawati 
Romer...terlibat?? 
https://t.co/HyQ1L6XLuU"
tribunkaltim,2023-01-15 12:09:53,"Jadwal Sidang Tuntutan 5 Terdakwa Pembunuhan Brigadir J: Kuat Maruf Senin Besok, Ferdy Sambo Kapan?

#Sidang #ferdysambo #terdakwa #brigadirJ 
 
https://t.co/oYQ2XiWjyy lewat @tribunkaltim"
portalyogya,2023-01-15 11:31:29,"Putri Candrawathi mengungkapkan responsnya usai mendengar Brigadir Joshua dibunuh. Hakim menyinggung Putri kepikiran rekening.

#portalyogya #PutriCandrawathi #FerdySambo #BrigadirJoshua

https://t.co/gHGRtBia66"
TVTempoChannel,2023-01-15 10:30:00,"FOKUS | VIDEO REPLAY
Sengkarut Kasus Ferdy Sambo
https://t.co/XkqVrBty66

#ferdysambo #brigadirj #bharadae #kapolri https://t.co/OdpmzHvKzp"
magalitorre02,2023-01-15 07:21:38,"REZA INDRAGIRI AMRIL mem-profiling majelis hakim sehubungan dengan kemungkinan keputusan vonis yang akan mrk buat terhadap #ferdysambo or #PutriCandrawathi.
https://t.co/arZAHt67i2"
NgebutMautC84,2023-01-15 07:09:36,"https://t.co/QPmHZG5M9w

Eksklusif!! 
 
Ayah Brigadir Joshua : Hukuman Tuhan Yang Paling Berat Untuk Sambo!!

Hanya di Channel Youtube Abraham Samad SPEAK UP

Jangan lupa subcribe, comment , like n share. Terima kasih 

#abrahamsamad #abrahamsamadspeakup #brigadirj https://t.co/PKZpiL1MiD"
tribunjambiku,2023-01-15 05:48:35,"Nilai Ferdy Sambo Cs Konsisten Berbohong, Keluarga Brigadir Yosua Berharap Jaksa Tuntut Pasal 340
 
https://t.co/ndAwJUXNNQ via @tribunjambiku 

#ferdysambo #putricandrawathi #brigadiryosua"
terkinidotid,2023-01-15 05:29:33,"Putri Candrawathi Nangis di Sidang, Ayah Brigadir J: Drama, Itu Untuk Ambil Simpati Hakim dan Jaksa: Ayah dari Brigadir Nofriansyah Yosua Hutabarat atau Brigadir J, Samuel Hutabarat menyebut tangisan‚Ä¶ https://t.co/c6xqpRsSiU #News #brigadirj #putricandrawathi #ferdysambo"
OfficialiNewsTV,2023-01-15 04:40:00,"Jaksa Penuntut Umum (JPU) mempertanyakan alasan pertemuan Chuck Putranto dan Irfan Widyanto di rumah dinas Ferdy Sambo pascapembunuhan Brigadir J. Chuck mengaku mendapat perintah dari Ferdy Sambo untuk mengamankan CCTV. YLD

#iNews #News #FerdySambo #BrigadirJ https://t.co/h8UFdqsBZn"
magalitorre02,2023-01-15 04:36:24,"Menurut anda, vonis apa yang pantas bagi #ferdysambo sebagai terdakwa dalam persidangan kasus pembunuhan terhadap Alm.#brigadirJ ?"
OfficialiNewsTV,2023-01-15 03:40:00,"Ferdy Sambo mengeklaim Putri Candrawathi tidak mengetahui Brigadir J ditembak saat ke rumah Duren Tiga. Menurutnya, Putri baru diberitahu terkait kematian Brigadir J sehari setelah Brigadir J ditembak. YLD

#iNews #News #FerdySambo #PutriCandrawathi #BrigadirJ https://t.co/7HQaZ1sDAy"
tribunkaltim,2023-01-15 02:04:01,"Jelang sidang tuntutan, keluarga Brigadir J berharap Sambo dan Putri Candrawathi dituntut hukuman mati. Sedangkan untuk Bharada Eliezer, diharapkan ada keringanan.

#TribunKaltim #BharadaE #BrigadirJ #FerdySambo #PutriCandrawathi
 
https://t.co/YcMXM4qdUq lewat @tribunkaltim"
magalitorre02,2023-01-15 01:53:20,"Sepemikiran dgn Anggota Tim Jaksa Penuntut Umum yg muda yg menanyakan perihal penggunaan kata yg acapkali di gunakan #ferdysambo dan #PutriCandrawathi...terlalu lemah utk mendeskripsikan ""kejadian"" di Magelang.
https://t.co/AZR0ZaaCNV via @YouTube"
ayu_BahariSJ,2023-01-15 00:12:15,"Pengadilan Negeri Jakarta Selatan menggelar pemeriksaan terdakwa kasus obstruction of justice kasus pembunuhan Brigadir J. Dapatkah pengakuan para terdakwa dipercaya? 

https://t.co/dV4d769hKL

#sidangferdysambocs 
#alifrachman #kasusferdysambo #brigadirj #breakingnewsmetrotv https://t.co/q76oCzl22r"
jpnncom,2023-01-15 00:00:14,"Ferdy Sambo marah-marah, enggak terima, bawa-bawa tata krama.
#ferdysambo #brigadirJ #polri 
https://t.co/VYM7jy4Tq3"
Cherryhappy14,2023-01-14 23:22:31,"https://t.co/QPmHZG5M9w

Eksklusif!! 
 
Ayah Brigadir Joshua : Hukuman Tuhan Yang Paling Berat Untuk Sambo!!

Hanya di Channel Youtube Abraham Samad SPEAK UP

Jangan lupa subcribe, comment , like n share. Terima kasih 

#abrahamsamad #abrahamsamadspeakup #brigadirj https://t.co/PKZpiL1MiD"
magalitorre02,2023-01-14 20:33:10,Kalau memang benar ada terjadi sesuatu di Magelang pd tgl 7/7/22 ini memang teori yg lebih masuk akal selain kemungkinan  bhw #PutriCsndrawathi &amp; KM we're doing something and got caught by Alm.#brigadirJ https://t.co/NBi8N71wT0 via @YouTube
LMandessy,2023-01-14 15:05:03,Hakim ketua menyampaikan bahwa dirinya melihat kejujuran di dalam diri Arif Rachman Arifin. / #FerdySambo #ArifRachman #BrigadirJ #BharadaE #RichardEliezer #JernihMelihatDunia https://t.co/4DE4i3Ldws
SeputariNews,2023-01-14 11:40:14,"Terdakwa obstruction of justice kasus kematian Brigadir J, Arif Rachman Arifin menangis di persidangan, Jumat (13/1). Ia mengaku memiliki rasa takut yang besar pada Ferdy Sambo. GIN

#RCTI #SeputariNewsRCTI #FerdySambo #BrigadirJ #ArifRachmanArifin #ObstructionOfJustice #Sidang https://t.co/PpoJ0IAdRK"
AbrSamad,2023-01-14 10:47:30,"https://t.co/QPmHZG5M9w

Eksklusif!! 
 
Ayah Brigadir Joshua : Hukuman Tuhan Yang Paling Berat Untuk Sambo!!

Hanya di Channel Youtube Abraham Samad SPEAK UP

Jangan lupa subcribe, comment , like n share. Terima kasih 

#abrahamsamad #abrahamsamadspeakup #brigadirj https://t.co/PKZpiL1MiD"
tribunjambiku,2023-01-14 07:09:08,"Loyal dan Percaya ke Ferdy Sambo, Arif Rahman Ungkap Penyesalan di Ruang Sidang PN Jakarta Selatan
 
https://t.co/LcCET6s6Ds via @tribunjambiku 

#ferdysambo #arifrahman #putricandrawathi"
Imouth_,2023-01-14 07:04:19,"Biodata Lengkap Hendra Kurniawan. Perwira Dinonaktifkan Kapolri Terkait Kasus Pembunuhan Brigadir Polisi Nofriansyah Yosua Hutabarat. 
#brigadirJ #ferdysambo #news #NewsUpdate #Trending #TrendingNow #trendingviral #TrendingTopics #trendingnewstoday
https://t.co/IPljKVwcIk"
magalitorre02,2023-01-14 07:03:38,"Starts at 17:50 - 18:50 #PutriCandrawathi bilang ke Susi:  ""Sus,  tidak usah tuntun Ibu, kayak orang sakit benaran saja"" (ini mematahkan klaim PC sendiri yg mengklaim dia sakit waktu itu, plus trauma berat!). #ferdysambo 
 https://t.co/5abSukdyzp"
tribunkaltim,2023-01-14 06:27:48,"Chuck merasa merasa kecewa dibohongi Ferdy Sambo, ternyata atasannya ikut menembak Brigadir J
https://t.co/eWAcGzQwPZ
#brigadirJ #SAMBO #ferdysambo #bharadae #beritaterkini #beritaterbaru"
magalitorre02,2023-01-14 06:11:49,"Melihat ini.......ya kasihan juga si Arif.
#ferdisambo memang pantas  mendapat hukuman seberat-beratnya!!!
 https://t.co/N70HXJqat6 via @YouTube"
heraldindo,2023-01-14 06:09:39,"Jumat, 8 Juli 2022. Putri Candrawathi dan Kuat Maruf masuk ke dalam lift yang sama.
#KuatMaruf
#PutriCandrawathi https://t.co/Dvkf0AEPJd"
tribunkaltim,2023-01-14 05:48:27,"Terjawab sudah kenapa Hendra Kurniawan tak membantah saat diviralkan larang peti jenazah Brigadir J dibuka
https://t.co/mlRERIiL5W
#SAMBO #ferdysambo #beritaterkini #beritaterbaru #brigadirJ"
magalitorre02,2023-01-14 05:43:36,"Epic Moment Hakim Morgan Sewaktu Menanyai #ferdysambo . Masa iya #PutriCandrawathi ngga mendengar ribut2 suara FS yg mencoba mengklarifikasi Alm. #brigadirJ akan kejadian di Magelang? Apalagi katanya FS becomes very emotional at that time?
https://t.co/pntI5wfvkS via @YouTube"
kompascom,2023-01-14 05:34:01,Hakim ketua menyampaikan bahwa dirinya melihat kejujuran di dalam diri Arif Rachman Arifin. / #FerdySambo #ArifRachman #BrigadirJ #BharadaE #RichardEliezer #JernihMelihatDunia https://t.co/4DE4i3Ldws
tribunkaltim,2023-01-14 05:27:42,"Berkata jujur di persidangan, Arif Rachman menangis di sidang Ferdy Sambo, takut dibunuh seperti Brigadir J.

#TribunKaltim #BrigadirJ #FerdySambo #ArifRachman
 
https://t.co/Xd3rMrMs0o lewat @tribunkaltim"
SataliaKranda,2023-01-14 05:20:29,"Putri Candrawathi mengaku tak menyangka suaminya Ferdy Sambo bakal bertindak emosi hingga menyebabkan Yosua Hutabarat (Brigadir J) meninggal. BEL

#iNews #Berita #PutriCandrawathi #SidangSambo #BeritaHukum #iNews https://t.co/FYmjjafsmy"
serambinews,2023-01-14 05:20:15,"#Dibunuh #Sambo #BrigadirJ 

Arif Rachman Arifin mengaku gemetar hingga tak sanggup berdiri saat mengetahui Nofriansyah Yosua ternyata masih hidup ketika Ferdy Sambo tiba di rumah
 
https://t.co/oMwEucdlIZ lewat @serambinews"
sharenewsaceh,2023-01-14 05:20:09,"#Dibunuh #Sambo #BrigadirJ 

Arif Rachman Arifin mengaku gemetar hingga tak sanggup berdiri saat mengetahui Nofriansyah Yosua ternyata masih hidup ketika Ferdy Sambo tiba di rumah
 
https://t.co/mIXkr7iI1D lewat @serambinews"
magalitorre02,2023-01-14 04:19:13,"""RR bisa menolak saat #ferdysambo menawarkan dia utk menembak Alm.#brigadirJ . Lantas kenapa RE tdk bisa? Yang tau kebenaran hal in kani hanya FS dan RR &amp; dua2nya PEMBOHONG!!!
 https://t.co/JIujlM0ZCW"
magalitorre02,2023-01-14 03:34:06,"Jika memang lemah, mengapa Richard dijadikan Justice Collaborator ya? 

Saksikan #MetroTVKontroversi episode DAG DIG DUG TUNGGU TUNTUTAN di link https://t.co/7GzCMdAOde

#PutriCandrawathi #SidangFerdySamboCS #BrigadirJ #RichardEliezer #ferdysambo https://t.co/l08Kg1Acry"
terkinidotid,2023-01-14 03:28:32,"Putri Candrawathi: Saya Ini Korban Kekerasan Seksual, Kenapa Selalu Diasumsikan Negatif oleh Orang-orang?: Istri dari Ferdy Sambo, Putri Candrawathi mengatakan bahwa dirinya adalah korban kekerasan‚Ä¶ https://t.co/heNnMcOYKD #News #LPSK #brigadirj #putricandrawathi #ferdysambo"
SylvinaFitri,2023-01-14 03:22:18,"Berita ini mengejutkan semua orang!

#Obstructionofjustice
#Brigadirjoshua
#beritaViral
#beritaterkini
#hukum
#hukumonline
#ferdisambo
#BreakingNews
#Breaking_News
#NewsUpdate
#news
#Duniadalamberita

https://t.co/CUDhYOV7uH"
TVTempoChannel,2023-01-14 03:00:02,"FOKUS | VIDEO REPLAY
Akhir Drama CCTV Ferdy Sambo di Kasus Pembunuhan Brigadir J
https://t.co/XOn6la2C2G

#ferdysambo #brigadirj #cctv https://t.co/3jjNNACFSG"
portalyogya,2023-01-14 02:34:37,"Harga sweater Balenciaga yang dipakai Putri Candrawathi sebelum kejadian eksekusi Brigadir Joshua mencapai puluhan juta.

#portalyogya #PutriCandrawathi #BrigadirJoshua 

https://t.co/24HGwHVvFJ"
magalitorre02,2023-01-14 02:13:32,"@tvOneNews #PutriCandrawathi ini memenuhi karakterikstik sebagai sebagai NARCISSIST. ""Play the victim"" role melulu...
https://t.co/bLf0o8SDBg"
portalyogya,2023-01-14 01:58:56,"Putri Candrawathi mengaku dilecehkan dan dibanting oleh Brigadir Joshua dan mengungkapkan luka di tubuhnya.

#portalyogya #PutriCandrawathi #BrigadirJoshua 

https://t.co/iWgYVwzDTU"
magalitorre02,2023-01-14 01:54:56,"Benar juga.
Pertama si #ferdysambo  jengkel krn RR, RE, and KM ngga bisa ""jaga"" ibu #PutriCandrawathi . Lantas kenapa setlh adanya peristiwa penembakkan thd #brigadirJ FS malah mau memberikan uang kpd ke tiga orang itu? Kenapa dia malah me-reward pekerjaan buruk ke tiga org tsb?"
tribunkaltim,2023-01-14 00:59:28,"Arif Rachman Menyesal Punya Atasan Ferdy Sambo, Ketakutan Bernasib Sama dengan Yosua: Ajudannya Saja Bisa Disuruh Dibunuh

#TribunKaltim #FerdySambo #BrigadirJ #ArifRachman
 
https://t.co/CMgorkfYQD lewat @tribunkaltim"
SylvinaFitri,2023-01-13 19:10:55,"Serial ini seru banget, kalian harus tonton
#Obstructionofjustice
#Brigadirjoshua
#beritaViral
#beritaterkini
#hukum
#hukumonline
#ferdisambo
#BreakingNews
#Breaking_News
#NewsUpdate
#news
#Duniadalamberita

https://t.co/mVO64WUxHT"
RinoNofaldi,2023-01-13 19:09:00,"Klip drama film dan televisi yang menarik, layak anda tonton

#Obstructionofjustice
#Brigadirjoshua
#beritaViral
#beritaterkini
#hukum
#hukumonline
#ferdisambo
#BreakingNews
#Breaking_News
#NewsUpdate
#news
#Duniadalamberita

https://t.co/zdKQIx5aHB"
WiePind,2023-01-13 17:48:01,"Sangat campur aduk, ini momen dimana Arif menjawab pertanyaan dari Hakim!üò¢

Streaming 24 jam di kanal youtube ""metrotvnews""

#SidangFerdySambo 
#FerdySambo 
#BharadaE 
#BrigadirJ 
#ArifRachman https://t.co/STZ1aGkStG"
SylvinaFitri,2023-01-13 17:26:42,"Berita ini membuatku sedih!

#Obstructionofjustice
#Brigadirjoshua
#beritaViral
#beritaterkini
#hukum
#hukumonline
#ferdisambo
#BreakingNews
#Breaking_News
#NewsUpdate
#news
#Duniadalamberita

https://t.co/2uS3zB3N1d"
SukoharjoTf,2023-01-13 15:40:16,"‚ÄúBayangkan, ajudannya saja bisa disuruh dibun*h, gimana saya tidak kepikiran Yang Mulia?‚Äù jawab Arif.

#SidangFerdySambo #FerdySambo #BharadaE #BrigadirJ #ArifRachman"
SukoharjoTf,2023-01-13 15:40:07,"Sangat campur aduk, ini momen dimana Arif menjawab pertanyaan dari Hakim!üò¢

Streaming 24 jam di kanal youtube ""metrotvnews""

#SidangFerdySambo 
#FerdySambo 
#BharadaE 
#BrigadirJ 
#ArifRachman https://t.co/STZ1aGkStG"
MT0t0k,2023-01-13 15:29:41,"Sangat campur aduk, ini momen dimana Arif menjawab pertanyaan dari Hakim!üò¢

Streaming 24 jam di kanal youtube ""metrotvnews""

#SidangFerdySambo 
#FerdySambo 
#BharadaE 
#BrigadirJ 
#ArifRachman https://t.co/STZ1aGkStG"
wenrohaloho,2023-01-13 15:28:40,"‚ÄúBayangkan, ajudannya saja bisa disuruh dibun*h, gimana saya tidak kepikiran Yang Mulia?‚Äù jawab Arif.

#SidangFerdySambo #FerdySambo #BharadaE #BrigadirJ #ArifRachman"
wenrohaloho,2023-01-13 15:28:37,"Sangat campur aduk, ini momen dimana Arif menjawab pertanyaan dari Hakim!üò¢

Streaming 24 jam di kanal youtube ""metrotvnews""

#SidangFerdySambo 
#FerdySambo 
#BharadaE 
#BrigadirJ 
#ArifRachman https://t.co/STZ1aGkStG"
Metro_TV,2023-01-13 15:28:14,"‚ÄúBayangkan, ajudannya saja bisa disuruh dibun*h, gimana saya tidak kepikiran Yang Mulia?‚Äù jawab Arif.

#SidangFerdySambo #FerdySambo #BharadaE #BrigadirJ #ArifRachman"
Metro_TV,2023-01-13 15:27:07,"Sangat campur aduk, ini momen dimana Arif menjawab pertanyaan dari Hakim!üò¢

Streaming 24 jam di kanal youtube ""metrotvnews""

#SidangFerdySambo 
#FerdySambo 
#BharadaE 
#BrigadirJ 
#ArifRachman https://t.co/STZ1aGkStG"
Metro_TV,2023-01-13 15:01:21,"Pengadilan Negeri Jakarta Selatan menggelar pemeriksaan terdakwa kasus obstruction of justice kasus pembunuhan Brigadir J. Dapatkah pengakuan para terdakwa dipercaya? 

https://t.co/dV4d769hKL

#sidangferdysambocs 
#alifrachman #kasusferdysambo #brigadirj #breakingnewsmetrotv https://t.co/q76oCzl22r"
Diahfitriamalia,2023-01-13 14:49:06,"Majelis hakim Wahyu, bertanya seputar waktu terjadinya pelecehan seksual, yang diakui Putri Candrawathi terjadi di lantai dua rumah di Magelang, Jawa Tengah pada 7 Juli 2022. #PutriCandrawathi #brigadirJ #FerdySambo 

 https://t.co/dqhvvYp9RC https://t.co/Q0IWQqWGk1"
botomuzoi,2023-01-13 14:06:20,"Terdakwa Putri Candrawathi hanya diam saat ditanya Lembaga Perlindungan Saksi dan Korban (LPSK) soal hubungannya dengan Brigadir J.

Simak berita selengkapnya di https://t.co/GgtZcy4bbs
#HardNews_Hukum #NewsOne #CariBeritaditvOne #PutriCandrawathi #BrigadirJ https://t.co/GSs8Edj5Iw"
Annisa27724185,2023-01-13 13:00:55,"Terdakwa Putri Candrawathi hanya diam saat ditanya Lembaga Perlindungan Saksi dan Korban (LPSK) soal hubungannya dengan Brigadir J.

Simak berita selengkapnya di https://t.co/GgtZcy4bbs
#HardNews_Hukum #NewsOne #CariBeritaditvOne #PutriCandrawathi #BrigadirJ https://t.co/GSs8Edj5Iw"
Per9Virly,2023-01-13 12:44:01,"Sidang perkara pembunuhan #BrigadirJ memasuki babak akhir. Pemeriksaan terhadap para terdakwa yang terlibat dalam kasus ini pun selesai. Bagaimana hasil keputusan hakim?

Saksikan #MetroTVKontroversi episode DAG DIG DUG TUNGGU TUNTUTAN Kamis (12/1) pukul 21.30 WIB. https://t.co/Ww6q8jjNG2"
Per9Virly,2023-01-13 12:43:21,"Sidang perkara pembunuhan #BrigadirJ memasuki babak akhir. Pemeriksaan terhadap para terdakwa yang terlibat dalam kasus ini pun selesai. Bagaimana hasil keputusan hakim?

Saksikan #MetroTVKontroversi episode DAG DIG DUG TUNGGU TUNTUTAN Kamis (12/1) pukul 21.30 WIB. https://t.co/DXMEmXt8Jt"
adc1489,2023-01-13 12:25:23,"Wakil Ketua LPSK Edwin Partogi kembali membantah keterangan terdakwa kasus pembunuhan berencana Brigadir J, Putri Candrawathi yang menuding pertanyaan psikolog LPSK menyudutkannya sebagai korban kekerasan seksual. &lt; #Nasional #PutriCandrawathi 
https://t.co/lLHEa2YdjS"
Metro_TV,2023-01-13 12:25:03,"Jika memang lemah, mengapa Richard dijadikan Justice Collaborator ya? 

Saksikan #MetroTVKontroversi episode DAG DIG DUG TUNGGU TUNTUTAN di link https://t.co/7GzCMdAOde

#PutriCandrawathi #SidangFerdySamboCS #BrigadirJ #RichardEliezer #ferdysambo https://t.co/l08Kg1Acry"
kompascom,2023-01-13 12:21:53,"Wakil Ketua LPSK Edwin Partogi kembali membantah keterangan terdakwa kasus pembunuhan berencana Brigadir J, Putri Candrawathi yang menuding pertanyaan psikolog LPSK menyudutkannya sebagai korban kekerasan seksual. &lt; #Nasional #PutriCandrawathi 
https://t.co/lLHEa2YdjS"
Prakasa_AYP2,2023-01-13 12:15:48,"Kamu tim mana, guys? 

Saksikan #MetroTVKontroversi episode DAG DIG DUG TUNGGU TUNTUTAN di link https://t.co/7GzCMdAOde

#PutriCandrawathi #SidangFerdySamboCS #BrigadirJ #RichardEliezer #ferdysambo https://t.co/lkDVm0Vfk8"
adc1489,2023-01-13 12:13:57,"Dalam persidangan sebagai terdakwa kasus obstruction of justice kasus kematian Brigadir Yosua, Arif Rachman Arifin menyebut dirinya menyesal saat tahu Yosua masih hidup. &lt; #ArirRachman #BrigadirJ #ObstructionofJustice https://t.co/BdWFX4S51y"
kompascom,2023-01-13 12:13:30,"Lembaga Perlindungan Saksi Korban (LPSK) menunjukkan foto-foto pemeriksaan yang dilakukan oleh dua orang perempuan psikiater dan psikolog terhadap Putri Candrawathi. &lt; #Nasional #PutriCandrawathi 

https://t.co/LkqgkcpDJc"
Metro_TV,2023-01-13 12:11:57,"Kamu tim mana, guys? 

Saksikan #MetroTVKontroversi episode DAG DIG DUG TUNGGU TUNTUTAN di link https://t.co/7GzCMdAOde

#PutriCandrawathi #SidangFerdySamboCS #BrigadirJ #RichardEliezer #ferdysambo https://t.co/lkDVm0Vfk8"
kompascom,2023-01-13 12:11:51,"Dalam persidangan sebagai terdakwa kasus obstruction of justice kasus kematian Brigadir Yosua, Arif Rachman Arifin menyebut dirinya menyesal saat tahu Yosua masih hidup. &lt; #ArirRachman #BrigadirJ #ObstructionofJustice https://t.co/BdWFX4S51y"
SihSundar,2023-01-13 12:06:41,"Terdakwa Putri Candrawathi hanya diam saat ditanya Lembaga Perlindungan Saksi dan Korban (LPSK) soal hubungannya dengan Brigadir J.

Simak berita selengkapnya di https://t.co/GgtZcy4bbs
#HardNews_Hukum #NewsOne #CariBeritaditvOne #PutriCandrawathi #BrigadirJ https://t.co/GSs8Edj5Iw"
ahmandathofa,2023-01-13 12:04:48,"Terdakwa Putri Candrawathi hanya diam saat ditanya Lembaga Perlindungan Saksi dan Korban (LPSK) soal hubungannya dengan Brigadir J.

Simak berita selengkapnya di https://t.co/GgtZcy4bbs
#HardNews_Hukum #NewsOne #CariBeritaditvOne #PutriCandrawathi #BrigadirJ https://t.co/GSs8Edj5Iw"
HastutiNengsi,2023-01-13 11:56:23,"Terdakwa Putri Candrawathi hanya diam saat ditanya Lembaga Perlindungan Saksi dan Korban (LPSK) soal hubungannya dengan Brigadir J.

Simak berita selengkapnya di https://t.co/GgtZcy4bbs
#HardNews_Hukum #NewsOne #CariBeritaditvOne #PutriCandrawathi #BrigadirJ https://t.co/GSs8Edj5Iw"
kuatbacacom,2023-01-13 10:35:30,"Proses persidangannya masih berlanjut loh. Hmmm.
#kuatbaca #kuatbacacom #brigadirj #ferdysambo

https://t.co/tnQixx5di1"
Popularitascom,2023-01-13 10:32:25,"Arif ungkap Sambo sempat marah saat timsus olah TKP tanpa izinnya

 #BrigadirJ #FerdySambo #popularitascom
https://t.co/R2K4LSmCOp"
poskotanetwork,2023-01-13 09:50:02,"Putri Candrawathi mau cerita soal Magelang tapi dihalangi Ferdy Sambo

#putricandrawathi #ferdysambo #magelang #brigadirj #poskota #sidangsambo

https://t.co/d8u17eyXOc"
KompastvJatim,2023-01-13 09:35:37,"Apakah Tangis Putri di Persidangan Nyata Atau Sekedar Drama ? https://t.co/ZipYzctKlQ lewat @YouTube 
#putricandrawathi #ferdysambo #sambo #kompastv #news #beritaterkini #Trending https://t.co/Nxf9QsWUBX"
Rinaldi32347543,2023-01-13 08:55:45,"Terdakwa Putri Candrawathi hanya diam saat ditanya Lembaga Perlindungan Saksi dan Korban (LPSK) soal hubungannya dengan Brigadir J.

Simak berita selengkapnya di https://t.co/GgtZcy4bbs
#HardNews_Hukum #NewsOne #CariBeritaditvOne #PutriCandrawathi #BrigadirJ https://t.co/GSs8Edj5Iw"
tvOneNews,2023-01-13 08:40:15,"Dalam persidangan Sambo mengaku lupa diri saat melakukan skenario pembunuhan tersebut.  

Simak video selengkapnya di Youtube tvonenews atau klik link https://t.co/4n3osJSiFY
#HardNews_Hukum #FlashOne #CariBeritaditvOne #BrigadirJ #FerdySambo https://t.co/Ab35QTlwJv"
tribunkaltim,2023-01-13 08:28:00,"Nangis di Persidangan, Putri Candrawathi Kena Tegur Hakim: Jangan Nangis

Selengkapnya: https://t.co/uPxJRZvnbC

#PutriCandrawathi #Persidangan #tribunkaltim https://t.co/cLgRlmkhzi"
giberakata,2023-01-13 08:15:43,"Kabareskrim Pimpin Olah TKP, Sambo Sebut Tak Punya Tata Krama https://t.co/8mZODEUEkd #BrigadirJ #FerdySambo #KasusBrigadirJ #EksKadivPropam"
wahananewsdotco,2023-01-13 08:13:02,"Kabareskrim Pimpin Olah TKP, Sambo Sebut Tak Punya Tata Krama https://t.co/8mZODEUEkd #BrigadirJ #FerdySambo #KasusBrigadirJ #EksKadivPropam"
disway_id,2023-01-13 07:55:00,"Pernyataan Menohok LPSK pada Putri Candrawathi Tentang Hubungan Khusus Dengan Brigadir J: Halusinasi Tingkat Tinggi

#LPSK #PutriCandrawathi #brigadirJ

https://t.co/TawjL1MUnL"
indopos_id,2023-01-13 07:34:51,"Chuck Baca Percakapan Putri Candrawathi, Brigadir J Diminta ke Rumah https://t.co/v4uNUEdZF1 #BrigadirJ #KasusPembunuhanBrigadirJ #KompolChuckPutranto #ObstructionofJustice #PutriCandrawathi"
Arrosyada,2023-01-13 06:55:54,"Terdakwa Putri Candrawathi hanya diam saat ditanya Lembaga Perlindungan Saksi dan Korban (LPSK) soal hubungannya dengan Brigadir J.

Simak berita selengkapnya di https://t.co/GgtZcy4bbs
#HardNews_Hukum #NewsOne #CariBeritaditvOne #PutriCandrawathi #BrigadirJ https://t.co/GSs8Edj5Iw"
disway_id,2023-01-13 04:20:30,"Chuck Putranto Bongkar Ferdy Sambo Punya Asisten Pribadi: Tidak Ada Struktural Jabatan dan SOP, Saingi Kapolri dan Kapolda?

#AsistenPribadi #ferdysambo #brigadirJ

https://t.co/KjxJ724IXW"
tribunnewswiki,2023-01-13 04:03:57,Pernyataan Putri Candrawathi Patah seusai Lihat Momennya Berdua Bareng Kuat Maruf Terekam CCTV #PutriCandrawathi #brigadirj #kuatmaruf https://t.co/TvkVWaKalP
tikasinaga,2023-01-13 03:58:22,Melihat PC nangis palsu saya bukan kasihan malah benci dengan kekejamnnya. Dialah Biang kerok dari pembunuhan itu! #PutriCandrawathi  #kasusbrigadirJ
taurus_lady_,2023-01-13 03:43:25,"Terdakwa Putri Candrawathi hanya diam saat ditanya Lembaga Perlindungan Saksi dan Korban (LPSK) soal hubungannya dengan Brigadir J.

Simak berita selengkapnya di https://t.co/GgtZcy4bbs
#HardNews_Hukum #NewsOne #CariBeritaditvOne #PutriCandrawathi #BrigadirJ https://t.co/GSs8Edj5Iw"
tvOneNews,2023-01-13 03:43:07,"Terdakwa Putri Candrawathi hanya diam saat ditanya Lembaga Perlindungan Saksi dan Korban (LPSK) soal hubungannya dengan Brigadir J.

Simak berita selengkapnya di https://t.co/GgtZcy4bbs
#HardNews_Hukum #NewsOne #CariBeritaditvOne #PutriCandrawathi #BrigadirJ https://t.co/GSs8Edj5Iw"
jpnncom,2023-01-13 01:14:03,"Putri Candrawathi Merasa Sangat Malu, Ada Kata Selingkuh #PutriCandrawathi https://t.co/8YP6FPlr6m"
OfficialiNewsTV,2023-01-13 01:06:10,"Terdakwa Putri Candrawathi mengaku mengampuni perbuatan yang dilakukan Brigadir J atas tindakan yang disebut sebagai pelecehan seksual. MYF

#iNews #PutriCandrawathi #FerdySambo https://t.co/xmD5rDa5VQ"
Lintas_MNCTV,2023-01-13 00:30:00,"Putri Candrawathi menangis terisak menceritakan peristiwa pelecehan seksual yang dia klaim dilakukan oleh Nofriansyah Yosua Hutabarat alias Brigadir J saat berada di Magelang, Jawa Tengah pada 7 Juli lalu. POT

#MNCTVNews #Berita #News #SidangSambo #BrigadirJ #PutriCandrawathi https://t.co/oeahdDAcqy"
Popularitascom,2023-01-12 22:02:09,"Putri diam saat ditanya LPSK tentang hubungan spesial dengan Yosua

 #BrigadirJ #FerdySambo #Lpsk #popularitascom
https://t.co/l6E73Z77hC"
jpnncom,2023-01-12 21:55:03,"Ditanya Tentang Hubungan Spesial dengan Brigadir J, Putri Candrawathi Terdiam, Lalu.... #brigadirJ https://t.co/LjBRS9Cger"
ayu_BahariSJ,2023-01-12 19:07:51,"Hanya ilusi katanya, serius gak nih? ü§î

Streaming 24 jam di kanal youtube ""metrotvnews""

#SidangFerdySambo 
#FerdySambo
#BrigadirJ 
#PutriCandrawathi https://t.co/hbsuqtd6sp"
Putra01445501,2023-01-12 16:24:26,"Sidang perkara pembunuhan #BrigadirJ memasuki babak akhir. Pemeriksaan terhadap para terdakwa yang terlibat dalam kasus ini pun selesai. Bagaimana hasil keputusan hakim?

Saksikan #MetroTVKontroversi episode DAG DIG DUG TUNGGU TUNTUTAN Kamis (12/1) pukul 21.30 WIB. https://t.co/DXMEmXt8Jt"
Shamsul_jabejo,2023-01-12 16:01:58,Saking cantikny putri Candra Wati saat menangis di per sidangan melebihi cantikny Mak Lampir #fs #ferdisambo #pc #PutriCandrawathi
newsmerahputih,2023-01-12 13:05:00,"Ahli ITE bersaksi pada sidang pembunuhan Brigadir J. 

#merahputihcom #ferdysambo #brigadirj #kasuspembunuhan #PutriCandrawathi

https://t.co/HLd8yZf6bo"
Metro_TV,2023-01-12 12:51:06,"Sidang perkara pembunuhan #BrigadirJ memasuki babak akhir. Pemeriksaan terhadap para terdakwa yang terlibat dalam kasus ini pun selesai. Bagaimana hasil keputusan hakim?

Saksikan #MetroTVKontroversi episode DAG DIG DUG TUNGGU TUNTUTAN Kamis (12/1) pukul 21.30 WIB. https://t.co/DXMEmXt8Jt"
OfficialiNewsTV,2023-01-12 12:26:36,"Terdakwa Putri Candrawathi kembali menangis saat mengungkap dirinya tak tahu alasan mengapa ia menjadi tersangka pembunuhan berencana Brigadir J. GIN

#iNews #Sidang #BrigadirJ #PutriCandrawathi #FerdySambo https://t.co/RuUz79J9GD"
EksplisitO,2023-01-12 12:15:57,"JPU Heran, PC Ngaku Dapat Kekerasan Seksual dari Yosua Tapi Malu Tunjukkan ke FS. 
https://t.co/PIBUjcgz0g #SidangFerdySambo #PutriCandrawathi #brigadirJ #EksplisitKreatifMedia #EksplisitOfficial"
belitongtoday,2023-01-12 11:27:17,"Istri Sambo Heran Tidak Membunuh Siapapun tetapi Duduk di Kursi Terdakwa

Baca selengkapnya di
https://t.co/3Rmhjnjr5g

#ferdysambo 
#PutriCandrawathi 
#brigadirJ 
#viral https://t.co/RDEz61PkXe"
AiinunRokhman,2023-01-12 10:41:56,"Putri Candrawathi curhat mengenai respons negatif masyarakat usai peristiwa kematian Brigadir Yosua terungkap ke publik.

Simak video selengkapnya di Youtube tvonenews atau klik link https://t.co/vjo3YHrKMz
#HardNews_Hukum #FlashOne #CariBeritaditvOne #BrigadirJ #PutriCandrawathi https://t.co/ciezgbOoKR"
gfhrturtyr,2023-01-12 10:35:06,"‚ÄúBila saya mengutarakan peristiwa tersebut, apakah suami saya akan mencintai dan mau menerima saya kembali?‚Äù ucap Putri.

#SidangFerdySambo #FerdySambo #BrigadirJ #PutriCandrawathi"
gfhrturtyr,2023-01-12 10:35:00,"Hanya ilusi katanya, serius gak nih? ü§î

Streaming 24 jam di kanal youtube ""metrotvnews""

#SidangFerdySambo 
#FerdySambo
#BrigadirJ 
#PutriCandrawathi https://t.co/hbsuqtd6sp"
poskotanetwork,2023-01-12 10:30:30,"Chuck Putranto sempat lihat chat Putri Candrawathi dengan Brigadir J, apa isi chatnya?

#chat #putricandrawathi #ferdysambo #poskota #brigadirJ 
https://t.co/f2vaYnYf4l"
TribunLombokcom,2023-01-12 09:56:06,"Adik Brigadir J,Reza, dan Putri Candrawathi tampak saling bertukar pesan hampir setiap hari. Putri Candrawathi sering chat menyuruhkan main ke rumah.
#PutriCandrawathi #BrigadirJ #BrigadirYosua #FerdySambo #YosuaHutabarat #ChuckPutranto
https://t.co/NP2Cal8i72"
kompascom,2023-01-12 09:05:44,Putri tak mau menjawab karena ditanya apakah punya hubungan spesial dengan Yosua. / #FerdySambo #PutriCandrawathi #BharadaE #BrigadirJ #RichardEliezer #JernihMelihatDunia https://t.co/CSQGsJucIP
tvOneNews,2023-01-12 09:00:21,"Putri Candrawathi curhat mengenai respons negatif masyarakat usai peristiwa kematian Brigadir Yosua terungkap ke publik.

Simak video selengkapnya di Youtube tvonenews atau klik link https://t.co/vjo3YHrKMz
#HardNews_Hukum #FlashOne #CariBeritaditvOne #BrigadirJ #PutriCandrawathi https://t.co/ciezgbOoKR"
tvOneNews,2023-01-12 08:55:03,"Puluhan massa menggelar aksi di depan Pengadilan Negeri Jakarta Selatan, jelang tuntutan perkara pembunuhan berencana Yoshua Hutabarat alias Brigadir J.

Simak berita selengkapnya di https://t.co/GgtZcy4bbs
#HardNews_Hukum #NewsOne #CariBeritaditvOne #BrigadirJ #FerdySambo https://t.co/1OcxVEpJA7"
Metro_TV,2023-01-12 08:49:37,"Sidang perkara pembunuhan #BrigadirJ memasuki babak akhir. Pemeriksaan terhadap para terdakwa yang terlibat dalam kasus ini pun selesai. Bagaimana hasil keputusan hakim?

Saksikan #MetroTVKontroversi episode DAG DIG DUG TUNGGU TUNTUTAN Kamis (12/1) pukul 21.30 WIB. https://t.co/Ww6q8jjNG2"
kompascom,2023-01-12 08:39:10,"Sidang pemeriksaan Ferdy Sambo dan istrinya, Putri Candrawathi, sebagai terdakwa diwarnai isak tangis keduanya. / #FerdySambo #PutriCandrawathi #BharadaE #BrigadirJ #RichardEliezer #JernihMelihatDunia https://t.co/0EqZDVU4Ko"
Flobamo45062488,2023-01-12 08:10:52,"Sidang perkara pembunuhan #BrigadirJ memasuki babak akhir. Pemeriksaan terhadap para terdakwa yang terlibat dalam kasus ini pun selesai. Bagaimana hasil keputusan hakim?

Saksikan #MetroTVKontroversi episode DAG DIG DUG TUNGGU TUNTUTAN Kamis (12/1) pukul 21.30 WIB. https://t.co/Hz8bGKysZG"
GTVID_News,2023-01-12 08:00:30,"Anggota majelis hakim sempat menyindir Putri agar tidak terlalu sering menangis. Dalam persidangan itu Putri menanyakan apa salah dirinya hingga disidang dan dia tidak membunuh siapa-siapa. FRZ

#GTVNews #News #Berita #SidangPembunuhanBrigadirJ #PutriCandrawathi #PutriMenangis https://t.co/DYsst4p0Mf"
tvOneNews,2023-01-12 07:54:09,"Terdakwa Putri Candrawathi mengaku takut tidak dicintai Ferdy Sambo lagi karena telah dilecehkan oleh Brigadir J di Magelang.

Simak berita selengkapnya di https://t.co/GgtZcy4bbs
#HardNews_Hukum #NewsOne #CariBeritaditvOne #PutriCandrawathi #FerdySambo https://t.co/6ZewT4ASst"
KoranTJVideo,2023-01-12 07:51:22,"Putri Sambo Menangis Terus, Hakim Sentil Halus ""Nanti Kami Ikut Nangis"": #putricandrawathi #ferdysambo #kriminal https://t.co/lNuWbpYK3K"
tribunjambiku,2023-01-12 07:14:16,"Samuel Hutabarat Sebut Tangisan Sambo dan Putri Candrawati di Ruang Sidang untuk Tutupi Kebohongan
 
https://t.co/zCF4GJsqig via @tribunjambiku 

#samuelhutabarat #ferdysambo #putricandrawathi"
serambinews,2023-01-12 06:11:16,"#Hakim #PutriCandrawathi #SAMBO 

Sudah jangan menangis yah,"" kata Hakim Anggota, Morgan Simanjuntak kepada Putri di dalam persidangan
 
https://t.co/4fXcRTcRSY lewat @serambinews"
sharenewsaceh,2023-01-12 06:10:09,"#Hakim #PutriCandrawathi #SAMBO 

Sudah jangan menangis yah,"" kata Hakim Anggota, Morgan Simanjuntak kepada Putri di dalam persidangan
 
https://t.co/JJ2KGPBmlO lewat @serambinews"
AAfasri,2023-01-12 05:43:08,"Sidang perkara pembunuhan #BrigadirJ memasuki babak akhir. Pemeriksaan terhadap para terdakwa yang terlibat dalam kasus ini pun selesai. Bagaimana hasil keputusan hakim?

Saksikan #MetroTVKontroversi episode DAG DIG DUG TUNGGU TUNTUTAN Kamis (12/1) pukul 21.30 WIB. https://t.co/Hz8bGKysZG"
Metro_TV,2023-01-12 05:41:13,"Sidang perkara pembunuhan #BrigadirJ memasuki babak akhir. Pemeriksaan terhadap para terdakwa yang terlibat dalam kasus ini pun selesai. Bagaimana hasil keputusan hakim?

Saksikan #MetroTVKontroversi episode DAG DIG DUG TUNGGU TUNTUTAN Kamis (12/1) pukul 21.30 WIB. https://t.co/Hz8bGKysZG"
tribunnewswiki,2023-01-12 05:39:32,"Ferdy Sambo Berkacamata saat Sidang Brigadir J, Pakar: Penampilannya jadi Strategi Kurangi Hukuman #ferdysambo #brigadirj #kacamata https://t.co/Q8L4sOZS5C"
kompascom,2023-01-12 05:35:20,"Dalam sidang 10 Januari 2023, Jaksa Penuntut Umum mempertegas arti kata hajar yang diartikan menjadi tembak. / #FerdySambo #PutriCandrawathi #BharadaE #BrigadirJ #RichardEliezer #RickyRizal #JernihMelihatDunia https://t.co/TNC4u0LcVa"
FathraNazrul,2023-01-12 05:29:50,Kompol Chuck Putranto Ungkap Percakapan Putri Candrawathi dengan Brigadir J https://t.co/CgwRpeTdGW #PutriCandrawathi lewat @jpnncom
tribunnewswiki,2023-01-12 05:28:18,"Pembacaan Tuntutan terhadap Bharada Richard Eliezer Ditunda, JPU Masih Periksa Putri Candrawathi #bharadae #brigadirj #PutriCandrawathi https://t.co/Ndtx9BNtFt"
jpnncom,2023-01-12 05:24:03,Kompol Chuck Putranto Ungkap Percakapan Putri Candrawathi dengan Brigadir J #PutriCandrawathi https://t.co/10OSifZRZT
disway_id,2023-01-12 05:20:30,"Hakim Curiga Putri Candrawathi Izinkan Kuat Ma'ruf Ikut Ke Kamar Privat, Putri: Kuat Sudah Lama

#PutriCandrawathi #KuatMaruf #ferdysambo

https://t.co/xSM6GqB4C3"
tribunjambiku,2023-01-12 05:17:24,"Putri Candrawati Ngaku Ditanya Soal Hubungan Spesial dengan Brigadir Yosua Dibantah LPSK: Halu
 
https://t.co/6PndmxRCIz via @tribunjambiku 

#PutriCandrawathi #ferdysambo #lpsk"
tribunjambiku,2023-01-12 04:44:53,"Putri Candrawati Bilang Brigadir Yosua Arogan dan Pernah Tegur 2 Kali, Ferdy Sambo Malah Sebaliknya
 
https://t.co/Nb0s9dKDOq via @tribunjambiku 

#putricandrawathi #ferdysambo #brigadiryosua"
kuatbacacom,2023-01-12 04:43:21,"Beda ya kalo Pak Ferdy Sambo yang pake kacamata jadi sorotan heheü§î
#kuatbaca #kuatbacacom #ferdysambo #brigadirj

https://t.co/5zehz3c27l"
jpnncom,2023-01-12 04:10:05,"Jika Benar Diperkosa, Putri Candrawathi Seharusnya Tidak Bisa Berbuat Ini  #PutriCandrawathi https://t.co/hruBqCg4md"
tribunjambiku,2023-01-12 04:05:40,"Putri Candrawati Bilang Tak Visum Karena Bingung dan Malu, Martin Simanjuntak Sebut Itu Tak Relevan
 
https://t.co/IR3A5RFzuP via @tribunjambiku 

#putricandrawathi #ferdysambo #brigadiryosua"
ryolandafit,2023-01-12 04:03:29,"Apakah masih ada kemungkinan Eliezer dipidana?

Kuasa Hukum Richard Eliezer, optimis Eliezer tidak akan dituntut dengan pasal pembunuhan berencana terhadap Brigadir Yosua.

#richardeliezer #bharadae #metrohariini #sidangferdysambocs #kasusferdysambo https://t.co/JmUQmNmgOW"
Metro_TV,2023-01-12 03:37:51,"Apakah masih ada kemungkinan Eliezer dipidana?

Kuasa Hukum Richard Eliezer, optimis Eliezer tidak akan dituntut dengan pasal pembunuhan berencana terhadap Brigadir Yosua.

#richardeliezer #bharadae #metrohariini #sidangferdysambocs #kasusferdysambo https://t.co/JmUQmNmgOW"
FathraNazrul,2023-01-12 02:59:51,"Reza Indragiri Heran dengan Putri Candrawathi, Katanya Diperkosa, tetapi Kok Meminta https://t.co/5BVAWKnDHh #PutriCandrawathi lewat @jpnncom"
jpnncom,2023-01-12 02:54:02,"Reza Indragiri Heran dengan Putri Candrawathi, Katanya Diperkosa, tetapi Kok Meminta #PutriCandrawathi https://t.co/AO3BfL5OgK"
warna_nusa,2023-01-12 02:16:35,"Putri Candrawathi Nangis Terus saat Jalani Persidangan, Hakim Sidang: Lama-lama Hakimnya Jadi Ikut Nangis

#PutriCandrawathi 
https://t.co/LpZXL5mQJn"
disway_id,2023-01-12 02:10:30,"Pengakuan Takut Putri Candrawathi Setelah Brigadir J Dibunuh, ‚ÄòSaya Bermimpi Buruk dan Depresi Berat!'

#PutriCandrawathi #Pembunuhan #brigadirJ

https://t.co/4xvkHQqr55"
giberakata,2023-01-12 01:57:33,"Di Depan Hakim, Putri Paparkan Alasan Tolak Diperiksa LPSK https://t.co/keCPNUDbtq #PutriCandrawathi #Lpsk #SidangBrigadirJ #BrigadirJ"
wahananewsdotco,2023-01-12 01:57:02,"Di Depan Hakim, Putri Paparkan Alasan Tolak Diperiksa LPSK https://t.co/keCPNUDbtq #PutriCandrawathi #Lpsk #SidangBrigadirJ #BrigadirJ"
magalitorre02,2023-01-12 01:42:21,"#ferdysambo panik ttp masih bisa berpikir utk bagaimana caranya agar dia bisa ""menyelamatkan"" #richardeliezer dari peristiwa penembakan thd #brigadirJ by setting it up as if it were a shoot-out. . 
 https://t.co/MMfr89zqhv via @YouTube"
SeputariNews,2023-01-12 01:33:45,"Putri Candrawathi menangis di persidangan saat dimintai keterangan Majelis Hakim terkait dugaan pelecehan seksual di Magelang. Keterangan Putri terkait peristiwa Magelang disampaikannya dalam agenda pemeriksaan sebagai terdakwa. MYF

#SeputariNewsRCTI #PutriCandrawathi https://t.co/NZHoofXHMZ"
magalitorre02,2023-01-11 23:53:57,"""Saya sesungguhnya lupa apa yg saya lakukan saat itu dan saya juga lupa saya naik dengan Kuat Ma'ruf"", kata #PutriCandrawathi. Yeah ..right...It's a deliberate lie caught on T.V!!! #brigadirJ #ferdysambo 
 https://t.co/Ia0enXrFB5 via @YouTube"
NicOakley,2023-01-11 22:22:46,"Hanya ilusi katanya, serius gak nih? ü§î

Streaming 24 jam di kanal youtube ""metrotvnews""

#SidangFerdySambo 
#FerdySambo
#BrigadirJ 
#PutriCandrawathi https://t.co/hbsuqtd6sp"
Xtrada08,2023-01-11 20:57:55,"Tangis Putri Candrawathi di Sidang, Nyata atau Drama? * #PutriCandrawathi #brigadirJ https://t.co/jirByYXgdF"
magalitorre02,2023-01-11 19:39:20,"1. Teori Relasi Kuasa
2. Tindak Tanduk &amp; Perkataan PC (Freeze-Flight-Fight Response) Tidak Konsisten
3. Tidak Memenuhi Kriteria Sbg Korban Pemerkosaan
*Plus, it was PC who took the first initiative to secure Alm.#brigadirJ ' s weapon while in Magelang.‚õ≥Ô∏è
https://t.co/Fqe1jK0hhU"
magalitorre02,2023-01-11 19:10:08,"Catatan Bung Kirdi Putra dari persidangan hari ini sehubungan dgn #PutriCandrawathi
1. Fail to Answer
2. Hiding something when questions
3. Fake sadness
https://t.co/WSlk7FVwk0"
haryazhari,2023-01-11 17:41:57,"Waduh, kira-kira asli atau skenario lagi nih?ü§î

Streaming 24 jam di kanal youtube ""metrotvnews""

#SidangFerdySambo 
#FerdySambo
#BrigadirJ 
#PutriCandrawathi https://t.co/KLUqyOrb2A"
ryolandafit,2023-01-11 17:37:32,"Ferdy Sambo mengaku membohongi kapolri Listyo Sigit Prabowo soal pembunuhan Yosua, kemarin saat sidang Sambo mengakui kesalahannya itu. BEL 

#iNews #update #Sidang #FerdySambo #Polri #BrigadirJ #Skenario #KasusPembunuhan https://t.co/dSzV8bF0D7"
ryolandafit,2023-01-11 17:37:29,"Sidang kasus pembunuhan #BrigadirJ kembali digelar, Rabu (11/1/2023). Sidang beragendakan pemeriksaan #PutriCandrawathi sebagai terdakwa.¬†

Dalam persidangan tersebut, Putri Candrawathi ungkapkan latar pekerjaan dan pendidikan yang sempat ia jalani. 

#BreakingNewsMetroTV https://t.co/kFuRbsu7RD"
ryolandafit,2023-01-11 17:36:29,"Majelis hakim berkelakar kepada terdakwa Putri Candrawathi. Istri Ferdy Sambo yang diperiksa sebagai terdakwa itu menangis sepanjang persidangan.

Streaming 24 jam di youtube 'metrotvnews'

#breakingnewsmetrotv #sidangferdysambo #putricandrawathi #brigadiryosua #sidangsambo https://t.co/fdVrJKce1B"
ryolandafit,2023-01-11 17:35:21,"Putri Candrawathi mengaku tak menyangka suaminya Ferdy Sambo bakal bertindak emosi hingga menyebabkan Yosua Hutabarat (Brigadir J) meninggal. BEL

#iNews #Berita #PutriCandrawathi #SidangSambo #BeritaHukum #iNews https://t.co/FYmjjafsmy"
ryolandafit,2023-01-11 17:32:34,"‚ÄúSaya mengampuni perbuatanmu yang keji dan saya minta dia untuk resign‚Äù ucap Putri.

#SidangFerdySambo #FerdySambo #BrigadirJ #PutriCandrawathi"
ryolandafit,2023-01-11 17:32:32,"Kira-kira dibalik itu ada yang ditutupin gak ya?ü§≠

Streaming 24 jam di kanal youtube ""metrotvnews""

#SidangFerdySambo 
#FerdySambo
#BrigadirJ 
#PutriCandrawathi https://t.co/TLAz52MQku"
ryolandafit,2023-01-11 17:32:12,"‚ÄúYosua masuk ke kamar saya dan berlaku kurang ajar kepada saya, lalu saya menangis. Saya ingin pulang ke Jakarta‚Äù ucap Putri.

#SidangFerdySambo #FerdySambo #BrigadirJ #PutriCandrawathi"
ryolandafit,2023-01-11 17:32:10,"Waduh, kira-kira asli atau skenario lagi nih?ü§î

Streaming 24 jam di kanal youtube ""metrotvnews""

#SidangFerdySambo 
#FerdySambo
#BrigadirJ 
#PutriCandrawathi https://t.co/KLUqyOrb2A"
ryolandafit,2023-01-11 17:31:52,"‚ÄúBila saya mengutarakan peristiwa tersebut, apakah suami saya akan mencintai dan mau menerima saya kembali?‚Äù ucap Putri.

#SidangFerdySambo #FerdySambo #BrigadirJ #PutriCandrawathi"
ryolandafit,2023-01-11 17:31:50,"Hanya ilusi katanya, serius gak nih? ü§î

Streaming 24 jam di kanal youtube ""metrotvnews""

#SidangFerdySambo 
#FerdySambo
#BrigadirJ 
#PutriCandrawathi https://t.co/hbsuqtd6sp"
ryolandafit,2023-01-11 17:29:29,"Terdakwa kasus pembunuhan Brigadir J, Bharada E atau Richard Eliezer menjalani sidang dengan agenda pembacaan tuntutan dari Jaksa Penuntut Umum (JPU). BEL

#iNews #update #Sidang #FerdySambo #Polri #BrigadirJ #Skenario #KasusPembunuhan #Eliezer #ditunda #JPU https://t.co/e72CyMTb9n"
ryolandafit,2023-01-11 17:26:03,"Persidangan kasus pembunuhan Yosua, dengan agenda pemeriksaan terdakwa hakim ketua Wahyu Imam Santoso kembali mencecar sikap Sambo saat mengetahui istrinya menjadi korban seksual. BEL

#iNews #update #Sidang #FerdySambo #Polri #BrigadirJ #Skenario #KasusPembunuhan https://t.co/nCeflae6eO"
FarliSusanto,2023-01-11 17:12:58,"Hanya ilusi katanya, serius gak nih? ü§î

Streaming 24 jam di kanal youtube ""metrotvnews""

#SidangFerdySambo 
#FerdySambo
#BrigadirJ 
#PutriCandrawathi https://t.co/hbsuqtd6sp"
WMargawi,2023-01-11 16:34:59,"Persidangan kasus pembunuhan Yosua, dengan agenda pemeriksaan terdakwa hakim ketua Wahyu Imam Santoso kembali mencecar sikap Sambo saat mengetahui istrinya menjadi korban seksual. BEL

#iNews #update #Sidang #FerdySambo #Polri #BrigadirJ #Skenario #KasusPembunuhan https://t.co/nCeflae6eO"
OfficialiNewsTV,2023-01-11 16:30:01,"Persidangan kasus pembunuhan Yosua, dengan agenda pemeriksaan terdakwa hakim ketua Wahyu Imam Santoso kembali mencecar sikap Sambo saat mengetahui istrinya menjadi korban seksual. BEL

#iNews #update #Sidang #FerdySambo #Polri #BrigadirJ #Skenario #KasusPembunuhan https://t.co/nCeflae6eO"
OfficialiNewsTV,2023-01-11 16:00:00,"Terdakwa kasus pembunuhan Brigadir J, Bharada E atau Richard Eliezer menjalani sidang dengan agenda pembacaan tuntutan dari Jaksa Penuntut Umum (JPU). BEL

#iNews #update #Sidang #FerdySambo #Polri #BrigadirJ #Skenario #KasusPembunuhan #Eliezer #ditunda #JPU https://t.co/e72CyMTb9n"
Alonesiacom,2023-01-11 15:37:16,"Putri Sering Menangis di Pengadilan, Hakim: Sudah Jangan Menangis... https://t.co/sN59OfQxQ5 #FerdySambo #PutriCandrawathi"
SeputariNews,2023-01-11 15:01:30,"Putri Candrawathi: Yosua itu Arogan, Dia Pernah Senggol Tukang Ojek, Buka Kaca Lalu Marah, Saya yang Minta Maaf. FDL
https://t.co/qWfpgxMJCL

#SeputariNewsRCTI #RCTI #Putri #PC #PutriCandrawathi #FerdySambo #Sambo #Yosua #BrigadirJ #Arogan #KasusSambo #RickyRizal #KuatMaruf https://t.co/v8fpwjFQfR"
Metro_TV,2023-01-11 14:48:50,"‚ÄúBila saya mengutarakan peristiwa tersebut, apakah suami saya akan mencintai dan mau menerima saya kembali?‚Äù ucap Putri.

#SidangFerdySambo #FerdySambo #BrigadirJ #PutriCandrawathi"
Metro_TV,2023-01-11 14:48:24,"Hanya ilusi katanya, serius gak nih? ü§î

Streaming 24 jam di kanal youtube ""metrotvnews""

#SidangFerdySambo 
#FerdySambo
#BrigadirJ 
#PutriCandrawathi https://t.co/hbsuqtd6sp"
Metro_TV,2023-01-11 14:44:48,"‚ÄúYosua masuk ke kamar saya dan berlaku kurang ajar kepada saya, lalu saya menangis. Saya ingin pulang ke Jakarta‚Äù ucap Putri.

#SidangFerdySambo #FerdySambo #BrigadirJ #PutriCandrawathi"
Metro_TV,2023-01-11 14:44:23,"Waduh, kira-kira asli atau skenario lagi nih?ü§î

Streaming 24 jam di kanal youtube ""metrotvnews""

#SidangFerdySambo 
#FerdySambo
#BrigadirJ 
#PutriCandrawathi https://t.co/KLUqyOrb2A"
Metro_TV,2023-01-11 14:35:08,"‚ÄúSaya mengampuni perbuatanmu yang keji dan saya minta dia untuk resign‚Äù ucap Putri.

#SidangFerdySambo #FerdySambo #BrigadirJ #PutriCandrawathi"
Metro_TV,2023-01-11 14:34:33,"Kira-kira dibalik itu ada yang ditutupin gak ya?ü§≠

Streaming 24 jam di kanal youtube ""metrotvnews""

#SidangFerdySambo 
#FerdySambo
#BrigadirJ 
#PutriCandrawathi https://t.co/TLAz52MQku"
wisdacil,2023-01-11 14:29:42,"#FerdySambo mengaku telah membohongi Kapolri Jenderal Listyo Sigit Prabowo soal pembunuhan #BrigadirYosua. Ia juga mengaku bersalah telah melakukan hal tersebut. 

#SidangFerdySambo #PutriCandrawathi #RichardEliezer #BrigadirJ #kuatMaruf https://t.co/4wAONQntrR"
adc1489,2023-01-11 14:28:39,"Tangis Putri Candrawathi di Sidang, Nyata atau Drama? * #PutriCandrawathi #brigadirJ https://t.co/jirByYXgdF"
trisenka,2023-01-11 14:26:39,"Tangis Putri Candrawathi di Sidang, Nyata atau Drama? * #PutriCandrawathi #brigadirJ https://t.co/jirByYXgdF"
kompascom,2023-01-11 14:09:36,"Tangis Putri Candrawathi di Sidang, Nyata atau Drama? * #PutriCandrawathi #brigadirJ https://t.co/jirByYXgdF"
OfficialiNewsTV,2023-01-11 14:00:02,"Putri Candrawathi mengaku tak menyangka suaminya Ferdy Sambo bakal bertindak emosi hingga menyebabkan Yosua Hutabarat (Brigadir J) meninggal. BEL

#iNews #Berita #PutriCandrawathi #SidangSambo #BeritaHukum #iNews https://t.co/FYmjjafsmy"
Metro_TV,2023-01-11 13:48:21,"Majelis hakim berkelakar kepada terdakwa Putri Candrawathi. Istri Ferdy Sambo yang diperiksa sebagai terdakwa itu menangis sepanjang persidangan.

Streaming 24 jam di youtube 'metrotvnews'

#breakingnewsmetrotv #sidangferdysambo #putricandrawathi #brigadiryosua #sidangsambo https://t.co/fdVrJKce1B"
Metro_TV,2023-01-11 13:21:57,"Sidang kasus pembunuhan #BrigadirJ kembali digelar, Rabu (11/1/2023). Sidang beragendakan pemeriksaan #PutriCandrawathi sebagai terdakwa.¬†

Dalam persidangan tersebut, Putri Candrawathi ungkapkan latar pekerjaan dan pendidikan yang sempat ia jalani. 

#BreakingNewsMetroTV https://t.co/kFuRbsu7RD"
OfficialiNewsTV,2023-01-11 13:21:49,"Ferdy Sambo mengaku membohongi kapolri Listyo Sigit Prabowo soal pembunuhan Yosua, kemarin saat sidang Sambo mengakui kesalahannya itu. BEL 

#iNews #update #Sidang #FerdySambo #Polri #BrigadirJ #Skenario #KasusPembunuhan https://t.co/dSzV8bF0D7"
terkinidotid,2023-01-11 13:21:33,"Brigadir J Diminta Resign, Putri: Yosua Nangis dan Minta Maaf Mohon Ampun Pada Saya: Istri Ferdy Sambo, Putri Candrawathi sempat meminta Brigadir Nofriansyah Yosua Hutabarat alias Brigadir J untuk‚Ä¶ https://t.co/hTwHtOQat4 #News #brigadirj #putricandrawathi #ferdysambo"
GTVID_News,2023-01-11 13:09:43,"Putri Candrawathi sambil menangis mengatakan bahwa dirinya bagaikan jatuh tertimpa tangga dalam kasus kematian Brigadir J. 

Selengkapnya:
https://t.co/jjCEUqW8yp

#GTV #PutriCandrawathi #FerdySambo #BrigadirJ https://t.co/VDLbTnXC32"
kompascom,2023-01-11 12:46:39,"Terdakwa kasus pembunuhan berencana Brigadir J, Putri Candrawathi mengungkapkan alasan tak ingin diperiksa oleh Lembaga Perlindungan Saksi Korban (LPSK), khususnya terkait kasus pelecehan seksual yang dialami. &lt; #PutriCandrawathi #BrigadirJ #LPSK https://t.co/cTdSfEHoBv"
giberakata,2023-01-11 12:40:33,Ini Cerita Putri Candrawathi Soal Pelecehan Seksual yang Dilakukan oleh Nofriansyah Yosua https://t.co/eTZtsdC7rz #PengadilanNegeriJakartaSelatan #NofriansyahYosua #BrigadirJ
wahananewsdotco,2023-01-11 12:40:03,Ini Cerita Putri Candrawathi Soal Pelecehan Seksual yang Dilakukan oleh Nofriansyah Yosua https://t.co/eTZtsdC7rz #PengadilanNegeriJakartaSelatan #NofriansyahYosua #BrigadirJ
SeputariNews,2023-01-11 12:15:20,"Terdakwa Putri Candrawathi  mengungkap alasan dirinya tidak melakukan visum usai mengaku diperkosa oleh Brigadir J. 

Putri khawatir suaminya tak akan bisa menerima dirinya kembali. GIN

https://t.co/KxdseoHNjD

#RCTI #Hakim #Jaksa #Visum #BrigadirJ #PutriCandrawathi #FerdySambo https://t.co/gfHm3vb6O2"
MNCNewsroom,2023-01-11 11:30:00,"Diperiksa sebagai Terdakwa, Putri Mengaku dalam Kondisi Gangguan Pencernaan
https://t.co/jX2LYG2BGX

#PutriCandrawathi #BrigadirJ #Sidang"
kompascom,2023-01-11 11:16:30,"Putri Candrawathi ke Brigadir J: Dek, saya ampuni perbuatanmu yang keji, tapi...

Terdakwa Putri Candrawathi mengaku mengampuni perbuatan Brigadir J. Namun, ia meminta Brigadir J mengundurkan diri sebagai ajudan Ferdy Sambo. &lt; #Nasional #PutriCandrawathi

https://t.co/v24HGRCWBr"
wagesyahputra,2023-01-11 11:11:00,"Tampak terlihat menyedihkan, Ferdy Sambo menangis ketika menceritakan tentang karirnya yang kini kandas. 

Kenapa cuman dipegang ya tisunya? üò•

#SidangFerdySambo #SidangFerdySamboCS #BrigadirJ #breakingnewsmetrotv https://t.co/OmtWhr9rjI"
giberakata,2023-01-11 10:56:09,"Bercucuran Air Mata, Putri: Saya Tak Bunuh Siapa-siapa https://t.co/THnUUqulPJ #PutriCandrawathi #FerdySambo #BrigadirJ #Pembunuhan"
wahananewsdotco,2023-01-11 10:53:07,"Bercucuran Air Mata, Putri: Saya Tak Bunuh Siapa-siapa https://t.co/THnUUqulPJ #PutriCandrawathi #FerdySambo #BrigadirJ #Pembunuhan"
poskotanetwork,2023-01-11 10:44:17,"Bukan orang sembarangan, Putri Candrawathi ternyata lulusan Dokter Gigi dan Jurnalistik dari kampus luar negeri.

#putricandrawathi #doktergigi #jurnalistik #ferdysambo #brigadirJ #poskota

https://t.co/PDPWs2oPFZ"
tribunkaltim,2023-01-11 10:10:14,"Putri Candrawathi Ngobrol 15 Menit dengan Brigadir J, tak Sangka Ferdy Sambo Bakal Tembak Ajudannya
 
https://t.co/O1h0llDaIp lewat @tribunkaltim #FerdySambo #BrigadirJ #PutriCandrawathi #Magelang"
adzkia_bilqis,2023-01-11 10:00:38,"Jaksa Penuntut Umum (JPU) menunda pembacaan tuntutan untuk terdakwa Bharada E. Hal ini terkait kasus pembunuhan berencana Brigadir J, pada Rabu (11/1) pekan depan.
#forumterkininews #akuratmenyajikaninformasi #beritahariini #beritaterkini #jaksapenuntutumum #bharadae #brigadirJ https://t.co/Teu5sphmXF"
jpnncom,2023-01-11 09:38:02,"Putri Candrawathi Tak Menyangka Ferdy Sambo Tega, Oh Ternyata #PutriCandrawathi https://t.co/Bxx0iSBOnY"
tribunjambiku,2023-01-11 09:12:15,"Ferdy Sambo Sangat Cintai Seragam Cokelat dan Institusi Polri, Putri Candrawati Tak Menyangka Ini
 
https://t.co/d97V9mnhEq via @tribunjambiku 

#ferdysambo #sidangsambo #PutriCandrawathi"
alineadotid,2023-01-11 09:05:16,"""Mohon izin, Yang Mulia, mungkin saya agak sedikit gangguan pencernaan, tapi saya siap melaksanakan sidang hari ini dengan maksimal,"" kata #PutriCandrawathi 
https://t.co/DEsHxBzBW1"
alineadotid,2023-01-11 09:05:15,"Pada saat menempuh pendidikan di luar negeri, #PutriCandrawathi mengambil jurusan jurnalistik. https://t.co/jnx4O7Dcjp"
alineadotid,2023-01-11 09:05:15,"Ada apa di sidang #ferdysambo hari ini? 

Sidang diwarnai dengan curhat #PutriCandrawathi. Jangan sampai ketinggalan update-nya:

Putri menangis di sidang. ‚ÄúSudah jangan nangis ya. Lama-lama hakimnya jadi ikut nangis,‚Äù kata hakim. https://t.co/D4jqibPFc4"
tribunjambiku,2023-01-11 08:27:10,"Momen Hakim Heran ke Putri Candrawati, Mau Isoman di Rumah Dinas Tapi Minta Dampingi Brigadir Yosua
 
https://t.co/mP5LPXuNZO via @tribunjambiku 

#PutriCandrawathi #ferdysambo #brigadiryosua"
RADARSOLO_,2023-01-11 08:19:00,"Putri Candrawathi Terus Menangis saat Sidang, Hakim: Lama-Lama Hakimnya Ikut Nangis
#putricandrawathi 
https://t.co/hGC1wvmgcM"
ForumTerkini,2023-01-11 08:16:15,"Jaksa Penuntut Umum (JPU) menunda pembacaan tuntutan untuk terdakwa Bharada E. Hal ini terkait kasus pembunuhan berencana Brigadir J, pada Rabu (11/1) pekan depan.
#forumterkininews #akuratmenyajikaninformasi #beritahariini #beritaterkini #jaksapenuntutumum #bharadae #brigadirJ https://t.co/Teu5sphmXF"
heraldindo,2023-01-11 07:29:53,"Majelis hakim Wahyu, bertanya seputar waktu terjadinya pelecehan seksual, yang diakui Putri Candrawathi terjadi di lantai dua rumah di Magelang, Jawa Tengah pada 7 Juli 2022. #PutriCandrawathi #brigadirJ #FerdySambo 

 https://t.co/dqhvvYp9RC https://t.co/Q0IWQqWGk1"
murianewscom,2023-01-11 07:17:35,"Ceritakan Pelecehan Seksual, Putri Candrawathi Menangis di Persidangan 

Selengkapnya Klik Tautan Berikut ini 
#Jakarta #Sidang #Pembunuhanbrigadirj #Putricandrawathi #Pelecehanseksual 

https://t.co/sHaHkfyxVK"
disway_id,2023-01-11 07:10:30,"Kesatuan Baru Brigadir J Diungkap Putri Candrawathi: Sudah Tidak di Brimob Lagi

#putricandrawathi #sidanglanjutan #brigadirJ

https://t.co/pfYajyhUp8"
adc14089,2023-01-11 07:10:07,"Menurut majelis hakim, korban pelecehan seksual biasanya lakukan visum karena khawatir terkena penyakit menular seksual. Namun, Putri Candrawathi tidak melakukannya

Simak berita selengkapnya di https://t.co/GgtZcy4bbs
#HardNews_Hukum #NewsOne #CariBeritaditvOne #PutriCandrawathi https://t.co/YMnAawApKf"
tvOneNews,2023-01-11 07:06:26,"Menurut majelis hakim, korban pelecehan seksual biasanya lakukan visum karena khawatir terkena penyakit menular seksual. Namun, Putri Candrawathi tidak melakukannya

Simak berita selengkapnya di https://t.co/GgtZcy4bbs
#HardNews_Hukum #NewsOne #CariBeritaditvOne #PutriCandrawathi https://t.co/YMnAawApKf"
kompascom,2023-01-11 07:06:01,"Anggota Majelis Hakim Morgan Simanjuntak meminta terdakwa Putri Candrawathi tidak sering menangis ketika memberikan keterangan dalam persidangan. 

""Sudah jangan nangis ya. Lama-lama hakimnya jadi ikut nangis,"" tuturnya. &lt; #Nasional #PutriCandrawathi

https://t.co/xZqYxeB8y9"
OfficialiNewsTV,2023-01-11 07:02:51,"Putri Candrawathi menangis saat ceritakan detik-detik Yosua masuk kamarnya di persidangan. KPJ

Selengkapnya
https://t.co/BKlcV9ixhT

#iNews #PutriCandrawathi #FerdySambo #SidangPC #SidangSambo #BrigadirYosua #KasusSambo https://t.co/1Hl1igFc0V"
lensaRTV,2023-01-11 06:58:42,"Majelis hakim sempat menegur Putri Candrawathi yang terus menangis selama persidangan, Rabu (11/1).

""Sudah jangan nangis ya. Lama-lama hakimnya jadi ikut nangis,"" kata anggota majelis Morgan Simanjuntak.

#putricandrawathi #pcmenangis #sidanglanjutan #pembunuhan #brigadirj https://t.co/0qykp7D9Wh"
heraldindo,2023-01-11 06:52:54,"Sidang kasus pembunuhan Brigadir Yosua dengan terdakwa Putri Candrawathi, kembali digelar di Pengadilan Negeri Jakarta Selatan, Rabu, 11 Januari 2023.
#PutriCandrawathi https://t.co/Y1lvY3d26y"
magalitorre02,2023-01-11 06:42:24,"#PutriCandrawathi TIDAK memperlihatkan  ""lebam"" di paha kiri sbg akibat kekerasan yg katanya di lakukan Alm.#brigadirJ krn dia terlalu malu. Ttp PC was NOT hesitant  utk menceritakan apa yg telah dia alami ke suaminya. Wonder why? #FerdySambo"
tribunnewswiki,2023-01-11 06:19:30,Putri Candrawathi Terus Jawab 'Tidak' Saat Hakim Beri Pertanyaan Tentang Insiden di Duren Tiga #putricandrawathi #brigadirJ #ferdysambo https://t.co/vChEB8USYL
disway_id,2023-01-11 06:10:30,"Putri Candrawathi Ungkap Gangguan Pencernaan ke Hakim, 'Tapi Saya Siap'

#PutriCandrawathi #sidanglanjutan #hakim 

https://t.co/2c82CNlnMN"
giberakata,2023-01-11 06:01:32,"Jalani Pemeriksaan sebagai Terdakwa, PC Akui Alami Gangguan Pencernaan https://t.co/Ok4HzMsWJf #PutriCandrawathi #Terdakwa #GangguanPencernaan"
wahananewsdotco,2023-01-11 06:01:07,"Jalani Pemeriksaan sebagai Terdakwa, PC Akui Alami Gangguan Pencernaan https://t.co/Ok4HzMsWJf #PutriCandrawathi #Terdakwa #GangguanPencernaan"
lensaRTV,2023-01-11 06:00:57,"Meski mengaku sebagai korban dugaan pelecehan seksual, Putri Candrawathi memilih tidak melakukan visum. Putri mengatakan, dirinya merasa malu dan khawatir suaminya tidak mencintai lagi.
#sidang #putricandrawathi #pcmenangis #visum #sidanglanjutan #pembunuhan #brigadirj https://t.co/uClMiaiRoe"
magalitorre02,2023-01-11 05:58:17,"Follow The Money! Misteri Debet 100 T Rekening Josua. Ada apa dengan BNI... #brigadirJ #ferdysambo
https://t.co/imPTl8w1fs via @YouTube"
magalitorre02,2023-01-11 05:54:16,"#FerdySambo mengaku telah membohongi Kapolri Jenderal Listyo Sigit Prabowo soal pembunuhan #BrigadirYosua. Ia juga mengaku bersalah telah melakukan hal tersebut. 

#SidangFerdySambo #PutriCandrawathi #RichardEliezer #BrigadirJ #kuatMaruf https://t.co/4wAONQntrR"
magalitorre02,2023-01-11 05:49:25,"Akting #PutriCandrawathi di persidangan hari ini perlu di ganjar dgn Piala Citra sbg pemeran wanita terbaik 2022/2023. She shows up at the court w/ puffy eyes &amp; very visible under eye bags. A lot of tears, too (of course). Her last best shot.. #brigadirJ https://t.co/zOlfI4Eocc"
jpnncom,2023-01-11 05:35:04,Lama-lama Hakim Ikut Menangis Gegara Putri Candrawathi Tersedu-sedu di Persidangan #PutriCandrawathi https://t.co/DPJzYQJlmb
heraldindo,2023-01-11 05:32:53,"Sedianya, Rabu, 11 Januari 2023, terdakwa Richard Eliezer Pudhiang Lumiu, dituntut hari ini. Namun, pembacaan tuntutan ditunda hingga pekan depan.
#PutriCandrawathi
#RichardPudhiangLumiu https://t.co/dYF9qpH99X"
mediadigitalcpp,2023-01-11 05:31:40,"Sidang pembacaan tuntutan kasus pembunuhan berencana terhadap Brigadir Nofriansyah Yosua Hutabarat dengan terdakwa Bharada Richard Eliezer ditunda. https://t.co/n5dRn47guj
#sambo #brigadirj #news #update #trending #viral #putricandrawati #durentiga #bharadae #richardeliezer https://t.co/4J8HczysPX"
magalitorre02,2023-01-11 05:04:36,"Dari persidangan hari ini terungkap bhw #PutriCandrawathi memasukkan baju kotornya (light brown sweater and black legging) ke dalam travel bag. Pak Hakim Morgan bilang kalau 2 item ini ""hilang"".
#brigadirJ #FerdySambo"
disway_id,2023-01-11 04:55:00,"Hakim ke Ferdy Sambo: Jika Satu Lawan Satu Berani Tidak Lawan Yosua, Begini Jawaban Sambo?

#FerdySambo #Pembunuhan #brigadirJ

https://t.co/6aEjK1RLqI"
tribunkaltim,2023-01-11 04:50:25,"Termasuk jumlah anak sebenarnya, inilah profil lengkap eks Kadiv Propam Ferdy Sambo dan istri
https://t.co/5ur3m4s0fn
#FerdySambo #PutriCandrawati #sidangsambo #sambo #BharadaE #BrigadirJ #beritaterkini #beritaterbaru"
heraldindo,2023-01-11 04:49:27,"Rabu, 11 Januari 2023. Sidang kasus pembunuhan Brigadir Yosua kembali digelar di PN Jakarta Selatan. Duduk di kursi terdakwa, Putri Candrawathi.
#PutriCandrawathi https://t.co/dqhvvYoC24"
jpnncom,2023-01-11 04:46:03,"Yang Mulia, Putri Candrawathi Takut Cinta Ferdy Sambo Pupus #PutriCandrawathi https://t.co/JdsFKLfAQq"
magalitorre02,2023-01-11 04:41:54,"#PutriCandrawathi Mrs. Tidak Enak Badan... (melulu).
I wonder why...
#brigadirJ #FerdySambo https://t.co/RvelpEudoo"
jpnncom,2023-01-11 04:24:03,Putri Istri Ferdy Sambo Mengaku Alami Gangguan Pencernaan Menjelang Pemeriksaan Terdakwa #PutriCandrawathi https://t.co/5elflqdod5
magalitorre02,2023-01-11 03:59:42,Dlm persidangan hari ini #PutriCandrawathi basically saying kl dia selalu ganti baju sebelum tiduran di kamar setlh bepergian. Peduli sekali dgn germs pastinya. Tp setlh kejadian the alleged raped by Alm. #brigadirJ dia bahkan tdk pernah melakukan visum.
magalitorre02,2023-01-11 03:56:10,#PutriCandrawathi keberatan utk semobil dgn Alm. #brigadirJ dlm perjalanan Magelang ke Jakarta tetapi ngga bilang apa2 waktu Alm. J berada di mobil yg sama dgnnya sewaktu mrk mau pergi ke  rumah Duren Tiga 46. #FerdySambo
lensaRTV,2023-01-11 03:49:10,"Terdakwa kasus pembunuhan Brigadir J, Putri Candrawathi menangis usai memberikan kesaksian terkait dugaan pelecehan seksual yang dilakukan oleh Brigadir J di Pengadilan Negeri (PN) Jakarta Selatan, Senin (11/1).
#sidang #putricandrawathi #menangis #pembunuhan #brigadirj #pnjaksel https://t.co/yVRpWQyqbY"
ryolandafit,2023-01-11 03:24:36,"Hari ini Richard Eliezer Hadapi Tuntutan Jaksa

Selengkapnya: https://t.co/clPmoeqtzA

#SidangFerdySamboCS #SidangRichardEliezer #RichardELiezer #BrigadirJ"
magalitorre02,2023-01-11 03:21:01,"Penampakkan #PutriCandrawathi pagi ini di pengadilan negeri Jakarta Selatan....This is her last shot utk kliatan menyakinkan sebagai seseorg yg ""tersakiti""??#brigadirj #FerdySambo 
https://t.co/zOlfI4Eocc"
Metro_TV,2023-01-11 03:12:37,"Hari ini Richard Eliezer Hadapi Tuntutan Jaksa

Selengkapnya: https://t.co/clPmoeqtzA

#SidangFerdySamboCS #SidangRichardEliezer #RichardELiezer #BrigadirJ"
disway_id,2023-01-11 01:40:30,"Ferdy Sambo Menangis Saat Pengacara Tanya Anak dan Karier di Kepolisian, ‚ÄòSaya Enggak Kuat‚Äô

#FerdySambo #Anak #putricandrawathi

https://t.co/UfhVFb61sm"
disway_id,2023-01-11 01:00:31,"JPU Ragu Tangisan Ferdy Sambo Setiap Ditanya Pelecehan Putri Candrawathi

#JPU #FerdySambo #PutriCandrawathi

https://t.co/ShRHuFMMJc"
lensaRTV,2023-01-11 01:00:30,"Terdakwa kasus dugaan pembunuhan berencana Brigadir J, Kuat Ma'ruf mengaku, sempat dianggap anak sendiri oleh Ferdy Sambo.

#sidang #kuatmaruf #sidanglanjutan #pembunuhan #brigadirj  #pembunuhanberencana #ferdysambo #putricandrawathi #rickyrizal #bharadaeliezer https://t.co/RbeL4NLXd8"
andrytoena,2023-01-11 00:51:22,"Hukuman yang pantas buat Ferdy Sambo menurut pakar hukum pidana 

#sambo #ferdysambo #brigadirj https://t.co/RwvFfIpPlk"
warungpintarqu,2023-01-10 19:07:57,"Tampak terlihat menyedihkan, Ferdy Sambo menangis ketika menceritakan tentang karirnya yang kini kandas. 

Kenapa cuman dipegang ya tisunya? üò•

#SidangFerdySambo #SidangFerdySamboCS #BrigadirJ #breakingnewsmetrotv https://t.co/OmtWhr9rjI"
magalitorre02,2023-01-10 18:32:59,"Karir baru #FerdySambo setelah di berhentikan dari kepolisian...jadi ""AKTOR"" di pengadilan!!! #SidangFerdySambo #brigadirJ #PutriCandrawathi
 https://t.co/GumzYe9aoQ via @YouTube"
magalitorre02,2023-01-10 18:21:05,"Yaelah....dia kira se-Indonesia bodoh?#FerdySambo #SidangFerdySambo #PutriCandrawathi #brigadirJ 
https://t.co/qq4XTbZIAZ via @YouTube"
Metro_TV,2023-01-10 15:05:11,"Tampak terlihat menyedihkan, Ferdy Sambo menangis ketika menceritakan tentang karirnya yang kini kandas. 

Kenapa cuman dipegang ya tisunya? üò•

#SidangFerdySambo #SidangFerdySamboCS #BrigadirJ #breakingnewsmetrotv https://t.co/OmtWhr9rjI"
yoyokantaka,2023-01-10 13:52:38,"#FerdySambo menceritakan kronologi detik-detik penembakan #BrigadirYosua dalam kesaksiannya sebagai terdakwa di PN Jakarta Selatan. Sambo tetap bersikukuh memerintahkan #RichardEliezer untuk menghajar bukan menembak Yosua.

#SidangFerdySambo #BrigadirJ #PutriCandrawathi https://t.co/kMSpJfvFnL"
Metro_TV,2023-01-10 13:35:04,"#FerdySambo mengaku telah membohongi Kapolri Jenderal Listyo Sigit Prabowo soal pembunuhan #BrigadirYosua. Ia juga mengaku bersalah telah melakukan hal tersebut. 

#SidangFerdySambo #PutriCandrawathi #RichardEliezer #BrigadirJ #kuatMaruf https://t.co/4wAONQntrR"
Metro_TV,2023-01-10 13:35:03,"#FerdySambo menceritakan kronologi detik-detik penembakan #BrigadirYosua dalam kesaksiannya sebagai terdakwa di PN Jakarta Selatan. Sambo tetap bersikukuh memerintahkan #RichardEliezer untuk menghajar bukan menembak Yosua.

#SidangFerdySambo #BrigadirJ #PutriCandrawathi https://t.co/kMSpJfvFnL"
Lintas_MNCTV,2023-01-10 13:16:29,"Majelis hakim Pengadilan Negeri Jakarta Selatan mempertanyakan apakah Ferdy Sambo tak berani melawan Brigadir J sendirian, hingga melibatkan ajudan lain.

Selengkapnya:
https://t.co/FpsKvx3MHs

#MNCTV #MNCTVNews #News #FerdySambo #BrigadirJ #PengadilanNegeri #Jakarta https://t.co/txtsoa5JaJ"
terkinidotid,2023-01-10 13:07:33,"Ditanya Pengacara Soal Anak-anaknya, Sambo Tak Bisa Jawab: Saya Tidak Kuat: Ferdy Sambo tidak bisa menjawab pertanyaan soal anak-anaknya yang dilontarkan oleh pengacaranya sendiri, Rasamala‚Ä¶ https://t.co/8YxRHRgIDo #News #brigadirj #ferdysambo #anakferdysambo #rasamalaaritonang"
antaranews,2023-01-10 12:19:55,"""Rasa bersalah dan penyesalan juga saya sampaikan kepada Kapolri dan institusi Polri serta rekan sejawat yang sudah terlibat dalam cerita yang tidak benar yang saya sampaikan di Duren Tiga itu,"" kata Ferdy.

#FerdySambo #BrigadirJ
https://t.co/3uSmpM7UsR"
ryolandafit,2023-01-10 11:32:16,"Hakim mempertanyakan perihal saat kejadian terdakwa Putri Candrawathi menceritakan apa yang dialaminya kepada terdakwa Ferdy Sambo.  

Simak video selengkapnya di Youtube tvonenews/klik https://t.co/UGdx8Dw2tN
#HardNews_Hukum #FlashOne #CariBeritaditvOne #BrigadirJ #FerdySambo https://t.co/eCSPbIQA7E"
giberakata,2023-01-10 11:12:03,Sambo Menyesal Tak Lakukan Visum Pada Istrinya https://t.co/KFL3tkgfCO #BrigadirJ #FerdySambo #SidangBrigadirJ #Pembunuhan
wahananewsdotco,2023-01-10 11:11:34,Sambo Menyesal Tak Lakukan Visum Pada Istrinya https://t.co/KFL3tkgfCO #BrigadirJ #FerdySambo #SidangBrigadirJ #Pembunuhan
fajaronline,2023-01-10 11:08:22,"Pelecehan Terhadap Istrinya Dinilai Rekayasa, Ferdy Sambo: Tidak Mungkin Saya Mengarang https://t.co/wuNhwtEJrH #BrigadirJ #FerdySambo #PembunuhanBrigadirJ #PolisiTembakPolisi"
fajaronline,2023-01-10 11:00:20,Ferdy Sambo Bantah Putri Candrawathi Tahu Skenario Pembunuhan Brigadir J https://t.co/jiLrtofaaR #BharadaE #BrigadirJ #FerdySambo #PutriCandrawathi
fajaronline,2023-01-10 09:56:31,Ferdy Sambo Akui Perintahkan Bharada E Menembak Brigadir J di Lantai 3 Rumah Saguling https://t.co/R0OLTIZpm6 #BharadaE #BrigadirJ #FerdySambo #SidangFerdySambo
poskotanetwork,2023-01-10 09:51:15,"Ferdy Sambo akui menyesal tak lakukan visum untuk Putri Candrawathi

#ferdysambo #putricandrawathi #poskota #visum #brigadirJ 

https://t.co/36VqaceDgZ"
tvOneNews,2023-01-10 09:39:04,"Hakim mempertanyakan perihal saat kejadian terdakwa Putri Candrawathi menceritakan apa yang dialaminya kepada terdakwa Ferdy Sambo.  

Simak video selengkapnya di Youtube tvonenews/klik https://t.co/UGdx8Dw2tN
#HardNews_Hukum #FlashOne #CariBeritaditvOne #BrigadirJ #FerdySambo https://t.co/eCSPbIQA7E"
disway_id,2023-01-10 09:20:00,"Hakim Geregetan Keterangan Ferdy Sambo Soal Pemerkosaan Putri Candrawathi

#ferdysambo #PutriCandrawathi #brigadirJ

https://t.co/0IdU1VqrzY"
NusantaraFahri,2023-01-10 09:12:13,"Hukuman yang pantas buat Ferdy Sambo menurut pakar hukum pidana 

#sambo #ferdysambo #brigadirj https://t.co/RwvFfIpPlk"
lensaRTV,2023-01-10 08:26:10,"Ferdy Sambo mengaku memerintahkan Bharada E untuk tembak Brigadir J, saat bertemu di lantai 3 rumah pribadi di Jalan Saguling, 8 Juli lalu. 

#ferdysambo #richardeliezer #bharadae #brigadirj #brigadiryosua #tembak #pembunuhanberencana #saguling #pnjaksel https://t.co/FRJm7mY0xn"
disway_id,2023-01-10 07:20:00,"Keterangan Ferdy Sambo Sama Persis Saat Jadi Saksi dan Terdakwa, Kok Bisa?

#ferdysambo #Pembunuhan #brigadirJ

https://t.co/WFM8jZiByD"
tribunnewswiki,2023-01-10 06:27:41,"Hakim: Kepikiran Enggak Tagih Rp 500 Juta ke Sambo saat Dikonfrontir, Kuat Akui Sekarang Stres #kuatmaruf #ferdysambo #brigadirJ https://t.co/sMoOBUXolH"
tribunnewswiki,2023-01-10 06:26:25,Hakim Lagi-lagi Bilang Bingung soal Pelecehan yang Dialami Putri Candrawathi: Kami Bingung Jujur #ferdysambo #putricandrawathi #brigadirJ https://t.co/iiwFnXUq6q
pikiran_rakyat,2023-01-10 06:10:26,"Ferdy Sambo akhirnya mengungkap alasan mengapa ia tak lakukan visum pada istrinya, Putri Candrawathi, setelah dilecehkan oleh Brigadir J, sebagaimana klaim pihaknya di pengadilan.
#ferdysambo #brigadirj #putricandrawathi #polisi"
disway_id,2023-01-10 05:30:00,"Ferdy Sambo dan Putri Candrawathi Jalani Sidang Pemeriksaan Terdakwa Hari Ini, Ada Fakta Menarik?

#ferdysambo #putricandrawathi #sidangsambo 

https://t.co/inm3ouMbDC"
tvOneNews,2023-01-10 04:35:32,"Majelis hakim lantas mempertanyakan rasa bersalah Ricky Rizal terhadap peristiwa ini. 

Namun Ricky Rizal menjawab dengan tegas 
""Saya menyesali kenapa‚Ä¶,""

Simak berita selengkapnya di https://t.co/GgtZcy4bbs
#HardNews_Hukum #NewsOne #CariBeritaditvOne #BrigadirJ #RickyRizal https://t.co/1KBGcdHvli"
tribunjambiku,2023-01-10 04:22:55,"Sidang Hari Ini, Ferdy Sambo Diperiksa Sebagai Terdakwa Pembunuhan Berencana Brigadir Yosua
 
https://t.co/yyz2swNAqP via @tribunjambiku 

#ferdysambo #brigadirJ #sidangsambo"
EksplisitO,2023-01-10 04:03:59,"Hakim Tanya Perasaan Usai Kejadian Penembakan Yosua, Ricky Rizal: Bersalah Atas Apa Yang Mulia?
https://t.co/nwYG00ug6l #SidangFerdySambo #Sambo #BrigadirJ #RickyRizal #EksplisitKreatifMedia #EksplisitOfficial"
Xtrada08,2023-01-10 02:23:24,"Ikut sedih juga gak nih guys?ü•≤

""Bapak ngomong, ceritakan saja semua, yang bohong-bohong dicabut. Kamu siap ya Uat,"" kata Kuat menirukan ucapan Sambo di Pengadilan Negeri Jakarta Selatan, Senin, (9/1).

#SidangFerdySambo 
#KuatMaruf #FerdySambo
#BrigadirJ #Bareskim https://t.co/Ajzz3LPe4c"
lensaRTV,2023-01-10 01:00:01,"Terdakwa kasus dugaan pembunuhan berencana Brigadir J, Kuat Ma'ruf mengaku, sempat dianggap anak sendiri oleh Ferdy Sambo.
 
#sidang #kuatmaruf #sidanglanjutan #pembunuhan #brigadirj  #pembunuhanberencana #ferdysambo #putricandrawathi #rickyrizal #bharadaeliezer https://t.co/Npu11W49Lc"
Xtrada08,2023-01-10 00:38:59,"Wah, ada yang rame nih guys soal backup-membackup!ü§î

Streaming 24 jam di kanal youtube ""metrotvnews""

#SidangFerdySambo
#RickyRizal #KuatMaruf 
#BrigadirJ #FerdySambo https://t.co/7nz2S5mk7H"
magalitorre02,2023-01-10 00:03:37,"""Ya...Intinya Saya Ngga Mau Jadi Seorg Penghianat"". (Kuat Ma'ruf)
#brigadirJ #ferdysambo #PutriCandrawathi
https://t.co/bQsQmBDMx7 via @YouTube"
tribunkaltim,2023-01-09 23:17:54,"Viral video hakim Wahyu Iman Santoso bicara vonis Ferdy Sambo, Komisi Yudisial (KY) bakal memeriksa wanita misterius yang merekam pembicaraan itu.

#TribunKaltim #HakimFerdySambo #HakimWahyu #BrigadirJ #FerdySambo
 
https://t.co/4z9NB2HXHS lewat @tribunkaltim"
magalitorre02,2023-01-09 21:59:04,"@ferdinand_alexa @febridiansyah @RasamalaArt Di persidangan tadi....What do you think? #ferdysamboisdone #ferdysambo #brigadirJ #PutriCandrawathi #SidangFerdySambo 
https://t.co/P8avgyLKST"
magalitorre02,2023-01-09 21:42:23,"Jelang Sidang Tuntutan, Eliezer Pantas Dapat Keringanan Hukuman? https://t.co/uFYJHjIQ58 via @YouTube #richardeliezer #brigadirJ #ferdysambo #PutriCandrawathi"
kecemirwantof,2023-01-09 17:46:40,"Ferdy Sambo mengatakan harusnya bukan dirinya yang duduk di kursi pengadilan. Melainkan Brigadir Nofriansyah Yosua Hutabarat atau Brigadir J yang melakukan dugaan pelecehan seksual terhadap istrinya, Putri Candrawathi.
https://t.co/FjFSVGUPsG 
__
#vivacoid #ferdysambo #brigadirj https://t.co/Luik1u5Yud"
ikbalpebri,2023-01-09 15:59:51,"Dalam sidang lanjutan kasus pembunuhan berencana Brigadir Yosua Hutabarat, terdakwa Kuat Ma'ruf mengaku pernah dimarahi Sambo karena tidak memberitahu soal dugaan pelecehan yang dialami Putri Candrawathi di Magelang.

#SidangFerdySambo
#KuatMaruf 
#BrigadirJ
#FerdySambo https://t.co/9vEhnfTNxa"
ikbalpebri,2023-01-09 15:59:02,"Wah, ada yang rame nih guys soal backup-membackup!ü§î

Streaming 24 jam di kanal youtube ""metrotvnews""

#SidangFerdySambo
#RickyRizal #KuatMaruf 
#BrigadirJ #FerdySambo https://t.co/7nz2S5mk7H"
Metro_TV,2023-01-09 15:37:41,"Dalam sidang lanjutan kasus pembunuhan berencana Brigadir Yosua Hutabarat, terdakwa Kuat Ma'ruf mengaku pernah dimarahi Sambo karena tidak memberitahu soal dugaan pelecehan yang dialami Putri Candrawathi di Magelang.

#SidangFerdySambo
#KuatMaruf 
#BrigadirJ
#FerdySambo https://t.co/9vEhnfTNxa"
Xtrada08,2023-01-09 15:17:23,"Waduh, bukan main ini tawarannya kira-kira kalau jadi mereka kalian tertarik buat terima gak?ü§î

Streaming 24 jam di kanal youtube ""metrotvnews""

#SidangFerdySambo
#RickyRizal #KuatMaruf 
#BrigadirJ #FerdySambo https://t.co/3QapZKFaEs"
nugrohorofil,2023-01-09 15:09:12,"Ferdy Sambo mengatakan harusnya bukan dirinya yang duduk di kursi pengadilan. Melainkan Brigadir Nofriansyah Yosua Hutabarat atau Brigadir J yang melakukan dugaan pelecehan seksual terhadap istrinya, Putri Candrawathi.
https://t.co/FjFSVGUPsG 
__
#vivacoid #ferdysambo #brigadirj https://t.co/Luik1u5Yud"
Adm61481192,2023-01-09 15:03:26,"Hakim Wahyu terkejut dengan keterangan Ricky Rizal ketika penembakan yang dilakukan Bharada E, ia justru tidak melihat hal itu. 

Simak video selengkapnya di Youtube tvonenews atau klik https://t.co/a7R2CTxFDJ
#HardNews_Hukum #FlashOne #CariBeritaditvOne #BrigadirJ #RickyRizal https://t.co/zNiu6LCRHw"
LangLangBu,2023-01-09 14:35:43,"Wah, ada yang rame nih guys soal backup-membackup!ü§î

Streaming 24 jam di kanal youtube ""metrotvnews""

#SidangFerdySambo
#RickyRizal #KuatMaruf 
#BrigadirJ #FerdySambo https://t.co/7nz2S5mk7H"
eelezha,2023-01-09 13:47:17,"Hakim Wahyu terkejut dengan keterangan Ricky Rizal ketika penembakan yang dilakukan Bharada E, ia justru tidak melihat hal itu. 

Simak video selengkapnya di Youtube tvonenews atau klik https://t.co/a7R2CTxFDJ
#HardNews_Hukum #FlashOne #CariBeritaditvOne #BrigadirJ #RickyRizal https://t.co/zNiu6LCRHw"
adc14089,2023-01-09 13:28:41,"Hakim Wahyu terkejut dengan keterangan Ricky Rizal ketika penembakan yang dilakukan Bharada E, ia justru tidak melihat hal itu. 

Simak video selengkapnya di Youtube tvonenews atau klik https://t.co/a7R2CTxFDJ
#HardNews_Hukum #FlashOne #CariBeritaditvOne #BrigadirJ #RickyRizal https://t.co/zNiu6LCRHw"
tvOneNews,2023-01-09 13:25:08,"Hakim Wahyu terkejut dengan keterangan Ricky Rizal ketika penembakan yang dilakukan Bharada E, ia justru tidak melihat hal itu. 

Simak video selengkapnya di Youtube tvonenews atau klik https://t.co/a7R2CTxFDJ
#HardNews_Hukum #FlashOne #CariBeritaditvOne #BrigadirJ #RickyRizal https://t.co/zNiu6LCRHw"
OfficialiNewsTV,2023-01-09 12:33:34,"Ricky Rizal tidak secara tegas mengaku bersalah dalam kasus pembunuhan tersebut. Ia hanya menyesali mengapa peristiwa itu terjadi. YLD

Selengkapnya:
https://t.co/2BIjZNJNQt

#iNews #BrigadirJ #FerdySambo #PengadilanNegeri #Jakarta https://t.co/zR3B2IURpd"
sulistianto_st,2023-01-09 11:56:55,"Ferdy Sambo mengaku tidak menyangka tindakan yang dilakukan ajudannya Yosua dapat rusak skenario pembunuhan yang sudah dirancangnya. Skenario dirancang Ferdy Sambo berantakan karna CCTV. FRZ 

#iNews #News #Berita #PembunuhanBrigadirJ #FerdySambo #Yosua #Putricandrawathi https://t.co/03EBuxzp0T"
ryolandafit,2023-01-09 11:42:49,"Wah, ada yang rame nih guys soal backup-membackup!ü§î

Streaming 24 jam di kanal youtube ""metrotvnews""

#SidangFerdySambo
#RickyRizal #KuatMaruf 
#BrigadirJ #FerdySambo https://t.co/7nz2S5mk7H"
ryolandafit,2023-01-09 11:41:52,"‚ÄúKe saudara 500 juta, ke Eliezer seinget saudara satu miliar, kepada Kuat 500 juga‚Äù ucap Hakim.

#SidangFerdySambo
#RickyRizal #KuatMaruf 
#BrigadirJ #FerdySambo"
ryolandafit,2023-01-09 11:41:49,"Waduh, bukan main ini tawarannya kira-kira kalau jadi mereka kalian tertarik buat terima gak?ü§î

Streaming 24 jam di kanal youtube ""metrotvnews""

#SidangFerdySambo
#RickyRizal #KuatMaruf 
#BrigadirJ #FerdySambo https://t.co/3QapZKFaEs"
ryolandafit,2023-01-09 11:39:59,"Menjelang sidang pembacaan tuntutan, ayah dari almarhum #BrigadirYosua yaitu Samuel Hutabarat berharap agar para terdakwa kasus pembunuhan berencana terhadap Yosua dapat diadili sesuai dengan perbuatannya dan hukum yang berlaku. 

#ferdysambo #RichardEliezer #PutriCandrawathi https://t.co/F8S4KerXm3"
ryolandafit,2023-01-09 11:39:17,"Ikut sedih juga gak nih guys?ü•≤

""Bapak ngomong, ceritakan saja semua, yang bohong-bohong dicabut. Kamu siap ya Uat,"" kata Kuat menirukan ucapan Sambo di Pengadilan Negeri Jakarta Selatan, Senin, (9/1).

#SidangFerdySambo 
#KuatMaruf #FerdySambo
#BrigadirJ #Bareskim https://t.co/Ajzz3LPe4c"
ryolandafit,2023-01-09 11:36:14,"Ferdy Sambo mengaku tidak menyangka tindakan yang dilakukan ajudannya Yosua dapat rusak skenario pembunuhan yang sudah dirancangnya. Skenario dirancang Ferdy Sambo berantakan karna CCTV. FRZ 

#iNews #News #Berita #PembunuhanBrigadirJ #FerdySambo #Yosua #Putricandrawathi https://t.co/03EBuxzp0T"
ryolandafit,2023-01-09 11:31:44,"Hakim Anggota Morgan Simanjuntak menanyakan terkait suasana hati Ricky Rizal dalam perkara tersebut.

Ricky Rizal mengatakan saat ini merasa sedih lantaran harus terseret.
Simak berita selengkapnya di https://t.co/GgtZcy4bbs
#HardNews_Hukum #NewsOne #CariBeritaditvOne #BrigadirJ https://t.co/w0XfUpV9vx"
kuatbacacom,2023-01-09 11:11:41,"hajar chad! sikat chad!
capek juga ngikutin beritanya..
#ferdysambo #rumahdurentiga #brigadirj #polripresisi 
https://t.co/UNo8hgrCWH"
Metro_TV,2023-01-09 10:57:44,"Wah, ada yang rame nih guys soal backup-membackup!ü§î

Streaming 24 jam di kanal youtube ""metrotvnews""

#SidangFerdySambo
#RickyRizal #KuatMaruf 
#BrigadirJ #FerdySambo https://t.co/7nz2S5mk7H"
bukananakomplek,2023-01-09 10:55:49,"Waduh, bukan main ini tawarannya kira-kira kalau jadi mereka kalian tertarik buat terima gak?ü§î

Streaming 24 jam di kanal youtube ""metrotvnews""

#SidangFerdySambo
#RickyRizal #KuatMaruf 
#BrigadirJ #FerdySambo https://t.co/3QapZKFaEs"
Metro_TV,2023-01-09 10:52:24,"‚ÄúKe saudara 500 juta, ke Eliezer seinget saudara satu miliar, kepada Kuat 500 juga‚Äù ucap Hakim.

#SidangFerdySambo
#RickyRizal #KuatMaruf 
#BrigadirJ #FerdySambo"
Metro_TV,2023-01-09 10:52:15,"Waduh, bukan main ini tawarannya kira-kira kalau jadi mereka kalian tertarik buat terima gak?ü§î

Streaming 24 jam di kanal youtube ""metrotvnews""

#SidangFerdySambo
#RickyRizal #KuatMaruf 
#BrigadirJ #FerdySambo https://t.co/3QapZKFaEs"
fajaronline,2023-01-09 10:51:55,"Ricky Rizal Menolak Bersalah dalam Kasus Pembunuhan Brigadir J, hanya Merasa Sedih https://t.co/XcKP2eWetr #BrigadirJ #RickyRizal"
Metro_TV,2023-01-09 10:35:04,"Menjelang sidang pembacaan tuntutan, ayah dari almarhum #BrigadirYosua yaitu Samuel Hutabarat berharap agar para terdakwa kasus pembunuhan berencana terhadap Yosua dapat diadili sesuai dengan perbuatannya dan hukum yang berlaku. 

#ferdysambo #RichardEliezer #PutriCandrawathi https://t.co/F8S4KerXm3"
koeglodag,2023-01-09 10:33:04,"Katanya shock tapi malah nyariin Romer? ü§î 

Agenda persidangan kali ini adalah pemeriksaan #RickyRizal sebagai terdakwa. #RickyRizal didakwa Pasal 340 KUHP subsider Pasal 338 KUHP jo Pasal 55 Ayat (1) ke-1 KUHP jo Pasal 56 ke-1 KUHP.

#SidangFerdySambo
#BrigadirJ
#FerdySambo https://t.co/7LyWZ2wa8B"
Metro_TV,2023-01-09 10:32:26,"Ikut sedih juga gak nih guys?ü•≤

""Bapak ngomong, ceritakan saja semua, yang bohong-bohong dicabut. Kamu siap ya Uat,"" kata Kuat menirukan ucapan Sambo di Pengadilan Negeri Jakarta Selatan, Senin, (9/1).

#SidangFerdySambo 
#KuatMaruf #FerdySambo
#BrigadirJ #Bareskim https://t.co/Ajzz3LPe4c"
giberakata,2023-01-09 10:00:32,"Sentil Kuat Ma‚Äôruf di Sidang, Hakim: Banyak Lupa Saudara Ya https://t.co/9tnucRFKWP #PembunuhanBrigadirJ #BrigadirJ #BrigadirYosua #Sidang"
OfficialiNewsTV,2023-01-09 10:00:00,"Ferdy Sambo mengaku tidak menyangka tindakan yang dilakukan ajudannya Yosua dapat rusak skenario pembunuhan yang sudah dirancangnya. Skenario dirancang Ferdy Sambo berantakan karna CCTV. FRZ 

#iNews #News #Berita #PembunuhanBrigadirJ #FerdySambo #Yosua #Putricandrawathi https://t.co/03EBuxzp0T"
wahananewsdotco,2023-01-09 09:57:33,"Sentil Kuat Ma‚Äôruf di Sidang, Hakim: Banyak Lupa Saudara Ya https://t.co/9tnucRFKWP #PembunuhanBrigadirJ #BrigadirJ #BrigadirYosua #Sidang"
tribunjambiku,2023-01-09 09:47:30,"Bripka Ricky Rizal Ungkap Ferdy Sambo Beri Amplop Berisi Uang Usai Penembakan Brigadir Yosua
 
https://t.co/eCv46RAJgV via @tribunjambiku 

#rickyrizal #ferdysambo #brigadiryosua"
tribunjambiku,2023-01-09 09:42:11,"Detik-Detik Penembakan Brigadir Yosua Diceritakan Ricky Rizal di Sidang: Ferdy Sambo Teriak Jongkok
 
https://t.co/Zu79IebhKb via @tribunjambiku 

#rickyrizal #brigadiryosau #ferdysambo"
tvOneNews,2023-01-09 09:18:25,"Hakim Anggota Morgan Simanjuntak menanyakan terkait suasana hati Ricky Rizal dalam perkara tersebut.

Ricky Rizal mengatakan saat ini merasa sedih lantaran harus terseret.
Simak berita selengkapnya di https://t.co/GgtZcy4bbs
#HardNews_Hukum #NewsOne #CariBeritaditvOne #BrigadirJ https://t.co/w0XfUpV9vx"
poskotanetwork,2023-01-09 08:55:21,"Bripka RR sebut Ferdy Sambo perintahkan tembak Brigadir J

#bripkaRR #ferdysambo #brigadirJ #poskota

https://t.co/RqcyyYZvb8"
kuatbacacom,2023-01-09 08:48:49,"Bripka Ricky Rizal mengatakan perintah yang diminta untuk tembak Brigadir J, jelasnya saat diperiksa sebagai terdakwa dalam sidang lanjutan pembunuhan Brigadir J di PN Jakarta Selatan pada Senin (9/1/23).
#kuatbaca #kuatbacacom #brigadirj

https://t.co/eoEi12neLJ"
disway_id,2023-01-09 08:45:00,"Ricky Rizal Ungkap Naik ke Lantai 3 Rumah Saguling Tidak Perlu Sidik Jari, Bertentangan Kubu Sambo?

#RickyRizal #Pembunuhan #ferdysambo

https://t.co/k24LuKn00p"
okezonenews,2023-01-09 08:10:30,"Saking banyaknya uang, Ricky Rizal ngaku pernah diberi uang banyak oleh Ferdy Sambo. Segini jumlahnya! 
#LengkapCepatBeritanya #BeritaTerkini #Berita #News #BeritaNasional #FerdySambo #RickyRizal #Uang #Sultan 
https://t.co/S523T1Ak3K"
Metro_TV,2023-01-09 08:00:43,"‚ÄúTapi saudara masih sempat mendengar suaranya Romer? Dan mencari, menoleh, untuk melihat Romer?‚Äù tanya hakim.

#SidangFerdySambo #BrigadirJ  #FerdySambo #RickyRizal"
Metro_TV,2023-01-09 08:00:30,"Katanya shock tapi malah nyariin Romer? ü§î 

Agenda persidangan kali ini adalah pemeriksaan #RickyRizal sebagai terdakwa. #RickyRizal didakwa Pasal 340 KUHP subsider Pasal 338 KUHP jo Pasal 55 Ayat (1) ke-1 KUHP jo Pasal 56 ke-1 KUHP.

#SidangFerdySambo
#BrigadirJ
#FerdySambo https://t.co/7LyWZ2wa8B"
lensaRTV,2023-01-09 07:40:06,"Terdakwa kasus pembunuhan berencana Brigadir J, Ricky Rizal mengatakan, perintah atasannya Ferdy Sambo adalah menembak, bukan hajar. Ricky juga sempat ungkap penolakannya saat diminta menembak Brigadir J. 

#rickyrizal #terdakwa #brigadirj #brigadiryosua #ferdysambo #tembak https://t.co/zt9j5TG8sX"
antaranews,2023-01-09 07:35:04,"""Kesan yang disampaikan Pak Putu Wicaksono kesan yang salah, Yang Mulia, karena pengamanan senjata di Magelang atas inisiatif saya,"" ucap Ricky di Pengadilan Negeri Jakarta Selatan.

#BrigadirJ
https://t.co/bteOoHr5Fn"
jpnncom,2023-01-09 07:32:02,Pengakuan Ricky Rizal Ini Juga Membuat Hakim Morgan Merasa Heran #rickyrizal https://t.co/yNMVemh2ze
poskotanetwork,2023-01-09 07:15:30,"Ricky Rizal membantah kesaksian Ferdy Sambo soal kronologi penembakan Nofriansyah Yoshua Hutabarat alias Brigadir J. Dia menyebut eks Kadiv Propam itu sempat merintahkan korban untuk jongkok.

#sidangsambo #rickyrizal #brigadirJ #ferdysambo #poskota

https://t.co/ddxDtc3wNI"
jpnncom,2023-01-09 06:50:04,"Kok, Malah Ricky Rizal yang ke Kamar Putri Candrawathi? Oh, Ternyata #PutriCandrawathi https://t.co/DfWSWeqUFc"
jpnncom,2023-01-09 05:36:02,"Bripka Ricky Dengar Ferdy Sambo Menyuruh Yosua Jongkok, Berbeda dari Pengakuan Kuat soal 'Hajar, Chard!' #rickyrizal https://t.co/Ibj48kErMQ"
tribunjambiku,2023-01-09 05:29:46,"Ricky Rizal Ngaku Tak Melihat Ferdy Sambo Tembak Brigadir Yosua,  Hakim: kan Nggak Terlalu Jauh
 
https://t.co/eoN99AJCRE via @tribunjambiku 

#ferdysambo #rickyrizal #kuatmaruf"
ForumTerkini,2023-01-09 04:52:18,"Pengadilan Negeri Jakarta Selatan kembali menggelar sidang  lanjutan terhadap terdakwa pembunuhan berencana Brigadir J, pada Senin (9/1). 

#forumterkininews #akuratmenyajikaninformasi #pengadilannegerijakartaselatan #brigadirj #kuatmaruf #djuyamto #ferdysambo #PutriCandrawathi https://t.co/5k3jWcZfpQ"
giberakata,2023-01-09 04:10:03,"Kematian Brigadir J, Anak Buah Sambo Arif Rachman Sudah Curiga Sejak Awal https://t.co/8Sa5hgCxHS #BrigadirJ #FerdySambo #KasusBrigadirJ #EksKadivPropam"
wahananewsdotco,2023-01-09 04:09:33,"Kematian Brigadir J, Anak Buah Sambo Arif Rachman Sudah Curiga Sejak Awal https://t.co/8Sa5hgCxHS #BrigadirJ #FerdySambo #KasusBrigadirJ #EksKadivPropam"
SeputariNews,2023-01-09 02:00:39,"Dua terdakwa kasus dugaan pembunuhan berencana Brigadir J kembali akan menjalani persidangan di PN Jaksel pada hari ini. AAS

Selengkapnya: https://t.co/XVAb23r10v

#Sidang #PengadilanNegeri #JakartaSelatan #RickyRizal #KuatMaruf #Terdakwa #KasusPembubuhan #BrigadirJ https://t.co/8wxchccfy7"
HasrunJeo,2023-01-09 00:16:08,"Penetapan perpanjangan penahanan Ferdy Sambo dkk resmi ditetapkan Pengadilan Tinggi DKI Jakarta.

Masa perpanjangan penahanan tersebut mulai tanggal 08 Januari 2023 s/d 06 Pebruari 2023 (30 hari).

Akankah ini berdampak pada keputusan Hakim? 

#SidangFerdySamboCS #BrigadirJ https://t.co/tEbLarAgdi"
